USE PRN211_FeedbackAndQASystem

INSERT INTO Account(username, password) VALUES ('SE04495@fpt.edu.vn', '123')
INSERT INTO Account(username, password) VALUES ('SE03520@fpt.edu.vn', '123')
INSERT INTO Account(username, password) VALUES ('HE150057@fpt.edu.vn', '123')
INSERT INTO Account(username, password) VALUES ('HE151095@fpt.edu.vn', '123')
INSERT INTO Account(username, password) VALUES ('HE153206@fpt.edu.vn', '123')
INSERT INTO Account(username, password) VALUES ('HE160694@fpt.edu.vn', '123')
INSERT INTO Account(username, password) VALUES ('HE161357@fpt.edu.vn', '123')
INSERT INTO Account(username, password) VALUES ('HE161795@fpt.edu.vn', '123')
INSERT INTO Account(username, password) VALUES ('HE163146@fpt.edu.vn', '123')
INSERT INTO Account(username, password) VALUES ('HE164035@fpt.edu.vn', '123')
INSERT INTO Account(username, password) VALUES ('HE170051@fpt.edu.vn', '123')
INSERT INTO Account(username, password) VALUES ('HE170245@fpt.edu.vn', '123')
INSERT INTO Account(username, password) VALUES ('HE170422@fpt.edu.vn', '123')
INSERT INTO Account(username, password) VALUES ('HE170428@fpt.edu.vn', '123')
INSERT INTO Account(username, password) VALUES ('HE170444@fpt.edu.vn', '123')
INSERT INTO Account(username, password) VALUES ('HE170533@fpt.edu.vn', '123')
INSERT INTO Account(username, password) VALUES ('HE170842@fpt.edu.vn', '123')
INSERT INTO Account(username, password) VALUES ('HE170863@fpt.edu.vn', '123')
INSERT INTO Account(username, password) VALUES ('HE170907@fpt.edu.vn', '123')
INSERT INTO Account(username, password) VALUES ('HE170996@fpt.edu.vn', '123')
INSERT INTO Account(username, password) VALUES ('HE171071@fpt.edu.vn', '123')
INSERT INTO Account(username, password) VALUES ('HE171073@fpt.edu.vn', '123')
INSERT INTO Account(username, password) VALUES ('HE171162@fpt.edu.vn', '123')
INSERT INTO Account(username, password) VALUES ('HE171442@fpt.edu.vn', '123')
INSERT INTO Account(username, password) VALUES ('HE171482@fpt.edu.vn', '123')
INSERT INTO Account(username, password) VALUES ('HE171578@fpt.edu.vn', '123')
INSERT INTO Account(username, password) VALUES ('HE171687@fpt.edu.vn', '123')
INSERT INTO Account(username, password) VALUES ('HE171851@fpt.edu.vn', '123')
INSERT INTO Account(username, password) VALUES ('HE171865@fpt.edu.vn', '123')
INSERT INTO Account(username, password) VALUES ('HE176182@fpt.edu.vn', '123')
INSERT INTO Account(username, password) VALUES ('HE176697@fpt.edu.vn', '123')
INSERT INTO Account(username, password) VALUES ('HE176751@fpt.edu.vn', '123')
INSERT INTO Account(username, password) VALUES ('HE153263@fpt.edu.vn', '123')
INSERT INTO Account(username, password) VALUES ('HE153535@fpt.edu.vn', '123')
INSERT INTO Account(username, password) VALUES ('HE160914@fpt.edu.vn', '123')
INSERT INTO Account(username, password) VALUES ('HE161145@fpt.edu.vn', '123')
INSERT INTO Account(username, password) VALUES ('HE161544@fpt.edu.vn', '123')
INSERT INTO Account(username, password) VALUES ('HE161706@fpt.edu.vn', '123')
INSERT INTO Account(username, password) VALUES ('HE161800@fpt.edu.vn', '123')
INSERT INTO Account(username, password) VALUES ('HE161832@fpt.edu.vn', '123')
INSERT INTO Account(username, password) VALUES ('HE160071@fpt.edu.vn', '123')
INSERT INTO Account(username, password) VALUES ('HE140639@fpt.edu.vn', '123')
INSERT INTO Account(username, password) VALUES ('HE140842@fpt.edu.vn', '123')
INSERT INTO Account(username, password) VALUES ('HE161139@fpt.edu.vn', '123')
INSERT INTO Account(username, password) VALUES ('HE161481@fpt.edu.vn', '123')
INSERT INTO Account(username, password) VALUES ('HE161512@fpt.edu.vn', '123')
INSERT INTO Account(username, password) VALUES ('HE161733@fpt.edu.vn', '123')
INSERT INTO Account(username, password) VALUES ('HE161869@fpt.edu.vn', '123')
INSERT INTO Account(username, password) VALUES ('HE140339@fpt.edu.vn', '123')
INSERT INTO Account(username, password) VALUES ('HE150282@fpt.edu.vn', '123')
INSERT INTO Account(username, password) VALUES ('HE160625@fpt.edu.vn', '123')
INSERT INTO Account(username, password) VALUES ('HE160682@fpt.edu.vn', '123')
INSERT INTO Account(username, password) VALUES ('HE161469@fpt.edu.vn', '123')
INSERT INTO Account(username, password) VALUES ('HE161861@fpt.edu.vn', '123')
INSERT INTO Account(username, password) VALUES ('HE161875@fpt.edu.vn', '123')
INSERT INTO Account(username, password) VALUES ('HE161882@fpt.edu.vn', '123')
INSERT INTO Account(username, password) VALUES ('HE161918@fpt.edu.vn', '123')
INSERT INTO Account(username, password) VALUES ('HE163001@fpt.edu.vn', '123')
INSERT INTO Account(username, password) VALUES ('HE163154@fpt.edu.vn', '123')
INSERT INTO Account(username, password) VALUES ('HE163233@fpt.edu.vn', '123')
INSERT INTO Account(username, password) VALUES ('HE171163@fpt.edu.vn', '123')
INSERT INTO Account(username, password) VALUES ('HE171403@fpt.edu.vn', '123')
INSERT INTO Account(username, password) VALUES ('HE171408@fpt.edu.vn', '123')
INSERT INTO Account(username, password) VALUES ('HE171590@fpt.edu.vn', '123')
INSERT INTO Account(username, password) VALUES ('HE171985@fpt.edu.vn', '123')
INSERT INTO Account(username, password) VALUES ('HE172734@fpt.edu.vn', '123')
INSERT INTO Account(username, password) VALUES ('HE172742@fpt.edu.vn', '123')
INSERT INTO Account(username, password) VALUES ('HE173033@fpt.edu.vn', '123')
INSERT INTO Account(username, password) VALUES ('HE176160@fpt.edu.vn', '123')
INSERT INTO Account(username, password) VALUES ('HE176187@fpt.edu.vn', '123')
INSERT INTO Account(username, password) VALUES ('HE176230@fpt.edu.vn', '123')
INSERT INTO Account(username, password) VALUES ('HE176586@fpt.edu.vn', '123')
INSERT INTO Account(username, password) VALUES ('HS160715@fpt.edu.vn', '123')
INSERT INTO Account(username, password) VALUES ('DE170703@fpt.edu.vn', '123')
INSERT INTO Account(username, password) VALUES ('HE163415@fpt.edu.vn', '123')
INSERT INTO Account(username, password) VALUES ('HE164044@fpt.edu.vn', '123')
INSERT INTO Account(username, password) VALUES ('HE170180@fpt.edu.vn', '123')
INSERT INTO Account(username, password) VALUES ('HE170595@fpt.edu.vn', '123')
INSERT INTO Account(username, password) VALUES ('HE171098@fpt.edu.vn', '123')
INSERT INTO Account(username, password) VALUES ('HE171319@fpt.edu.vn', '123')
INSERT INTO Account(username, password) VALUES ('HE171320@fpt.edu.vn', '123')
INSERT INTO Account(username, password) VALUES ('HE171416@fpt.edu.vn', '123')
INSERT INTO Account(username, password) VALUES ('HE171702@fpt.edu.vn', '123')
INSERT INTO Account(username, password) VALUES ('HE171937@fpt.edu.vn', '123')
INSERT INTO Account(username, password) VALUES ('HE172032@fpt.edu.vn', '123')
INSERT INTO Account(username, password) VALUES ('HE173037@fpt.edu.vn', '123')
INSERT INTO Account(username, password) VALUES ('HE173046@fpt.edu.vn', '123')
INSERT INTO Account(username, password) VALUES ('HE176640@fpt.edu.vn', '123')
INSERT INTO Account(username, password) VALUES ('HE181829@fpt.edu.vn', '123')
INSERT INTO Account(username, password) VALUES ('HE181879@fpt.edu.vn', '123')
INSERT INTO Account(username, password) VALUES ('HS170024@fpt.edu.vn', '123')
INSERT INTO Account(username, password) VALUES ('HS170726@fpt.edu.vn', '123')
INSERT INTO Account(username, password) VALUES ('HS173175@fpt.edu.vn', '123')
INSERT INTO Account(username, password) VALUES ('HS176033@fpt.edu.vn', '123')
INSERT INTO Account(username, password) VALUES ('HE153678@fpt.edu.vn', '123')
INSERT INTO Account(username, password) VALUES ('HE161700@fpt.edu.vn', '123')
INSERT INTO Account(username, password) VALUES ('HE161755@fpt.edu.vn', '123')
INSERT INTO Account(username, password) VALUES ('HE163635@fpt.edu.vn', '123')
INSERT INTO Account(username, password) VALUES ('HE170072@fpt.edu.vn', '123')
INSERT INTO Account(username, password) VALUES ('HE170201@fpt.edu.vn', '123')
INSERT INTO Account(username, password) VALUES ('HE170203@fpt.edu.vn', '123')
INSERT INTO Account(username, password) VALUES ('HE170420@fpt.edu.vn', '123')
INSERT INTO Account(username, password) VALUES ('HE170617@fpt.edu.vn', '123')
INSERT INTO Account(username, password) VALUES ('HE171209@fpt.edu.vn', '123')
INSERT INTO Account(username, password) VALUES ('HE171310@fpt.edu.vn', '123')
INSERT INTO Account(username, password) VALUES ('HE171883@fpt.edu.vn', '123')
INSERT INTO Account(username, password) VALUES ('HE172207@fpt.edu.vn', '123')
INSERT INTO Account(username, password) VALUES ('HE172366@fpt.edu.vn', '123')
INSERT INTO Account(username, password) VALUES ('HE172533@fpt.edu.vn', '123')
INSERT INTO Account(username, password) VALUES ('HE172693@fpt.edu.vn', '123')
INSERT INTO Account(username, password) VALUES ('HE172802@fpt.edu.vn', '123')
INSERT INTO Account(username, password) VALUES ('HE173328@fpt.edu.vn', '123')
INSERT INTO Account(username, password) VALUES ('HE173373@fpt.edu.vn', '123')
INSERT INTO Account(username, password) VALUES ('HE173476@fpt.edu.vn', '123')
INSERT INTO Account(username, password) VALUES ('HE173489@fpt.edu.vn', '123')
INSERT INTO Account(username, password) VALUES ('HE176275@fpt.edu.vn', '123')
INSERT INTO Account(username, password) VALUES ('HE176282@fpt.edu.vn', '123')
INSERT INTO Account(username, password) VALUES ('HE176285@fpt.edu.vn', '123')
INSERT INTO Account(username, password) VALUES ('HE176346@fpt.edu.vn', '123')
INSERT INTO Account(username, password) VALUES ('HE176360@fpt.edu.vn', '123')
INSERT INTO Account(username, password) VALUES ('HE176603@fpt.edu.vn', '123')
INSERT INTO Account(username, password) VALUES ('HE176686@fpt.edu.vn', '123')
INSERT INTO Account(username, password) VALUES ('HE176834@fpt.edu.vn', '123')
INSERT INTO Account(username, password) VALUES ('HE161232@fpt.edu.vn', '123')
INSERT INTO Account(username, password) VALUES ('HE161643@fpt.edu.vn', '123')
INSERT INTO Account(username, password) VALUES ('HE163665@fpt.edu.vn', '123')
INSERT INTO Account(username, password) VALUES ('HE170123@fpt.edu.vn', '123')
INSERT INTO Account(username, password) VALUES ('HE170268@fpt.edu.vn', '123')
INSERT INTO Account(username, password) VALUES ('HE170302@fpt.edu.vn', '123')
INSERT INTO Account(username, password) VALUES ('HE170314@fpt.edu.vn', '123')
INSERT INTO Account(username, password) VALUES ('HE170317@fpt.edu.vn', '123')
INSERT INTO Account(username, password) VALUES ('HE170436@fpt.edu.vn', '123')
INSERT INTO Account(username, password) VALUES ('HE170593@fpt.edu.vn', '123')
INSERT INTO Account(username, password) VALUES ('HE170625@fpt.edu.vn', '123')
INSERT INTO Account(username, password) VALUES ('HE170663@fpt.edu.vn', '123')
INSERT INTO Account(username, password) VALUES ('HE170911@fpt.edu.vn', '123')
INSERT INTO Account(username, password) VALUES ('HE170966@fpt.edu.vn', '123')
INSERT INTO Account(username, password) VALUES ('HE171116@fpt.edu.vn', '123')
INSERT INTO Account(username, password) VALUES ('HE171271@fpt.edu.vn', '123')
INSERT INTO Account(username, password) VALUES ('HE171494@fpt.edu.vn', '123')
INSERT INTO Account(username, password) VALUES ('HE171519@fpt.edu.vn', '123')
INSERT INTO Account(username, password) VALUES ('HE171547@fpt.edu.vn', '123')
INSERT INTO Account(username, password) VALUES ('HE171589@fpt.edu.vn', '123')
INSERT INTO Account(username, password) VALUES ('HE171601@fpt.edu.vn', '123')
INSERT INTO Account(username, password) VALUES ('HE172039@fpt.edu.vn', '123')
INSERT INTO Account(username, password) VALUES ('HE172040@fpt.edu.vn', '123')
INSERT INTO Account(username, password) VALUES ('HE172095@fpt.edu.vn', '123')
INSERT INTO Account(username, password) VALUES ('HE172175@fpt.edu.vn', '123')
INSERT INTO Account(username, password) VALUES ('HE172860@fpt.edu.vn', '123')
INSERT INTO Account(username, password) VALUES ('HE172875@fpt.edu.vn', '123')
INSERT INTO Account(username, password) VALUES ('HE176347@fpt.edu.vn', '123')
INSERT INTO Account(username, password) VALUES ('HE176485@fpt.edu.vn', '123')
INSERT INTO Account(username, password) VALUES ('HE176673@fpt.edu.vn', '123')
INSERT INTO Account(username, password) VALUES ('HE130464@fpt.edu.vn', '123')
INSERT INTO Account(username, password) VALUES ('HE170038@fpt.edu.vn', '123')
INSERT INTO Account(username, password) VALUES ('HE170351@fpt.edu.vn', '123')
INSERT INTO Account(username, password) VALUES ('HE170459@fpt.edu.vn', '123')
INSERT INTO Account(username, password) VALUES ('HE170704@fpt.edu.vn', '123')
INSERT INTO Account(username, password) VALUES ('HE170855@fpt.edu.vn', '123')
INSERT INTO Account(username, password) VALUES ('HE170913@fpt.edu.vn', '123')
INSERT INTO Account(username, password) VALUES ('HE171112@fpt.edu.vn', '123')
INSERT INTO Account(username, password) VALUES ('HE171153@fpt.edu.vn', '123')
INSERT INTO Account(username, password) VALUES ('HE171284@fpt.edu.vn', '123')
INSERT INTO Account(username, password) VALUES ('HE171454@fpt.edu.vn', '123')
INSERT INTO Account(username, password) VALUES ('HE171518@fpt.edu.vn', '123')
INSERT INTO Account(username, password) VALUES ('HE171587@fpt.edu.vn', '123')
INSERT INTO Account(username, password) VALUES ('HE171927@fpt.edu.vn', '123')
INSERT INTO Account(username, password) VALUES ('HE172073@fpt.edu.vn', '123')
INSERT INTO Account(username, password) VALUES ('HE172273@fpt.edu.vn', '123')
INSERT INTO Account(username, password) VALUES ('HE172339@fpt.edu.vn', '123')
INSERT INTO Account(username, password) VALUES ('HE172486@fpt.edu.vn', '123')
INSERT INTO Account(username, password) VALUES ('HE172517@fpt.edu.vn', '123')
INSERT INTO Account(username, password) VALUES ('HE172525@fpt.edu.vn', '123')
INSERT INTO Account(username, password) VALUES ('HE172826@fpt.edu.vn', '123')
INSERT INTO Account(username, password) VALUES ('HE173222@fpt.edu.vn', '123')
INSERT INTO Account(username, password) VALUES ('HE173258@fpt.edu.vn', '123')
INSERT INTO Account(username, password) VALUES ('HE176027@fpt.edu.vn', '123')
INSERT INTO Account(username, password) VALUES ('HE176125@fpt.edu.vn', '123')
INSERT INTO Account(username, password) VALUES ('HE176256@fpt.edu.vn', '123')
INSERT INTO Account(username, password) VALUES ('HE176715@fpt.edu.vn', '123')
INSERT INTO Account(username, password) VALUES ('HE176743@fpt.edu.vn', '123')
INSERT INTO Account(username, password) VALUES ('HE176810@fpt.edu.vn', '123')
INSERT INTO Account(username, password) VALUES ('HE181414@fpt.edu.vn', '123')
INSERT INTO Account(username, password) VALUES ('HE151390@fpt.edu.vn', '123')
INSERT INTO Account(username, password) VALUES ('HE161152@fpt.edu.vn', '123')
INSERT INTO Account(username, password) VALUES ('HE161165@fpt.edu.vn', '123')
INSERT INTO Account(username, password) VALUES ('HE161181@fpt.edu.vn', '123')
INSERT INTO Account(username, password) VALUES ('HE163891@fpt.edu.vn', '123')
INSERT INTO Account(username, password) VALUES ('HE164019@fpt.edu.vn', '123')
INSERT INTO Account(username, password) VALUES ('HE170012@fpt.edu.vn', '123')
INSERT INTO Account(username, password) VALUES ('HE170027@fpt.edu.vn', '123')
INSERT INTO Account(username, password) VALUES ('HE170147@fpt.edu.vn', '123')
INSERT INTO Account(username, password) VALUES ('HE170167@fpt.edu.vn', '123')
INSERT INTO Account(username, password) VALUES ('HE170273@fpt.edu.vn', '123')
INSERT INTO Account(username, password) VALUES ('HE170301@fpt.edu.vn', '123')
INSERT INTO Account(username, password) VALUES ('HE170415@fpt.edu.vn', '123')
INSERT INTO Account(username, password) VALUES ('HE170607@fpt.edu.vn', '123')
INSERT INTO Account(username, password) VALUES ('HE170622@fpt.edu.vn', '123')
INSERT INTO Account(username, password) VALUES ('HE170724@fpt.edu.vn', '123')
INSERT INTO Account(username, password) VALUES ('HE170960@fpt.edu.vn', '123')
INSERT INTO Account(username, password) VALUES ('HE170999@fpt.edu.vn', '123')
INSERT INTO Account(username, password) VALUES ('HE171312@fpt.edu.vn', '123')
INSERT INTO Account(username, password) VALUES ('HE171411@fpt.edu.vn', '123')
INSERT INTO Account(username, password) VALUES ('HE171540@fpt.edu.vn', '123')
INSERT INTO Account(username, password) VALUES ('HE171628@fpt.edu.vn', '123')
INSERT INTO Account(username, password) VALUES ('HE172037@fpt.edu.vn', '123')
INSERT INTO Account(username, password) VALUES ('HE172748@fpt.edu.vn', '123')
INSERT INTO Account(username, password) VALUES ('HE172838@fpt.edu.vn', '123')
INSERT INTO Account(username, password) VALUES ('HE172848@fpt.edu.vn', '123')
INSERT INTO Account(username, password) VALUES ('HE173248@fpt.edu.vn', '123')
INSERT INTO Account(username, password) VALUES ('HE173588@fpt.edu.vn', '123')
INSERT INTO Account(username, password) VALUES ('HE176077@fpt.edu.vn', '123')
INSERT INTO Account(username, password) VALUES ('HE176087@fpt.edu.vn', '123')
INSERT INTO Account(username, password) VALUES ('HE176169@fpt.edu.vn', '123')
INSERT INTO Account(username, password) VALUES ('HE176420@fpt.edu.vn', '123')
INSERT INTO Account(username, password) VALUES ('HE176882@fpt.edu.vn', '123')
INSERT INTO Account(username, password) VALUES ('HE161285@fpt.edu.vn', '123')
INSERT INTO Account(username, password) VALUES ('HE161816@fpt.edu.vn', '123')
INSERT INTO Account(username, password) VALUES ('HE163067@fpt.edu.vn', '123')
INSERT INTO Account(username, password) VALUES ('HE170011@fpt.edu.vn', '123')
INSERT INTO Account(username, password) VALUES ('HE170631@fpt.edu.vn', '123')
INSERT INTO Account(username, password) VALUES ('HE170685@fpt.edu.vn', '123')
INSERT INTO Account(username, password) VALUES ('HE170793@fpt.edu.vn', '123')
INSERT INTO Account(username, password) VALUES ('HE171358@fpt.edu.vn', '123')
INSERT INTO Account(username, password) VALUES ('HE171394@fpt.edu.vn', '123')
INSERT INTO Account(username, password) VALUES ('HE171421@fpt.edu.vn', '123')
INSERT INTO Account(username, password) VALUES ('HE171552@fpt.edu.vn', '123')
INSERT INTO Account(username, password) VALUES ('HE171908@fpt.edu.vn', '123')
INSERT INTO Account(username, password) VALUES ('HE171915@fpt.edu.vn', '123')
INSERT INTO Account(username, password) VALUES ('HE171916@fpt.edu.vn', '123')
INSERT INTO Account(username, password) VALUES ('HE171990@fpt.edu.vn', '123')
INSERT INTO Account(username, password) VALUES ('HE172180@fpt.edu.vn', '123')
INSERT INTO Account(username, password) VALUES ('HE172280@fpt.edu.vn', '123')
INSERT INTO Account(username, password) VALUES ('HE172313@fpt.edu.vn', '123')
INSERT INTO Account(username, password) VALUES ('HE172435@fpt.edu.vn', '123')
INSERT INTO Account(username, password) VALUES ('HE172527@fpt.edu.vn', '123')
INSERT INTO Account(username, password) VALUES ('HE172538@fpt.edu.vn', '123')
INSERT INTO Account(username, password) VALUES ('HE172702@fpt.edu.vn', '123')
INSERT INTO Account(username, password) VALUES ('HE172737@fpt.edu.vn', '123')
INSERT INTO Account(username, password) VALUES ('HE173401@fpt.edu.vn', '123')
INSERT INTO Account(username, password) VALUES ('HE173457@fpt.edu.vn', '123')
INSERT INTO Account(username, password) VALUES ('HE176211@fpt.edu.vn', '123')
INSERT INTO Account(username, password) VALUES ('HE176279@fpt.edu.vn', '123')
INSERT INTO Account(username, password) VALUES ('HE176633@fpt.edu.vn', '123')
INSERT INTO Account(username, password) VALUES ('HE176747@fpt.edu.vn', '123')
INSERT INTO Account(username, password) VALUES ('HE150732@fpt.edu.vn', '123')
INSERT INTO Account(username, password) VALUES ('HE150998@fpt.edu.vn', '123')
INSERT INTO Account(username, password) VALUES ('HE161224@fpt.edu.vn', '123')
INSERT INTO Account(username, password) VALUES ('HE161597@fpt.edu.vn', '123')
INSERT INTO Account(username, password) VALUES ('HE163629@fpt.edu.vn', '123')
INSERT INTO Account(username, password) VALUES ('HE170089@fpt.edu.vn', '123')
INSERT INTO Account(username, password) VALUES ('HE170262@fpt.edu.vn', '123')
INSERT INTO Account(username, password) VALUES ('HE170318@fpt.edu.vn', '123')
INSERT INTO Account(username, password) VALUES ('HE170416@fpt.edu.vn', '123')
INSERT INTO Account(username, password) VALUES ('HE171285@fpt.edu.vn', '123')
INSERT INTO Account(username, password) VALUES ('HE171377@fpt.edu.vn', '123')
INSERT INTO Account(username, password) VALUES ('HE171511@fpt.edu.vn', '123')
INSERT INTO Account(username, password) VALUES ('HE171558@fpt.edu.vn', '123')
INSERT INTO Account(username, password) VALUES ('HE171827@fpt.edu.vn', '123')
INSERT INTO Account(username, password) VALUES ('HE172058@fpt.edu.vn', '123')
INSERT INTO Account(username, password) VALUES ('HE172063@fpt.edu.vn', '123')
INSERT INTO Account(username, password) VALUES ('HE172083@fpt.edu.vn', '123')
INSERT INTO Account(username, password) VALUES ('HE172084@fpt.edu.vn', '123')
INSERT INTO Account(username, password) VALUES ('HE172163@fpt.edu.vn', '123')
INSERT INTO Account(username, password) VALUES ('HE172262@fpt.edu.vn', '123')
INSERT INTO Account(username, password) VALUES ('HE172386@fpt.edu.vn', '123')
INSERT INTO Account(username, password) VALUES ('HE172398@fpt.edu.vn', '123')
INSERT INTO Account(username, password) VALUES ('HE172460@fpt.edu.vn', '123')
INSERT INTO Account(username, password) VALUES ('HE172467@fpt.edu.vn', '123')
INSERT INTO Account(username, password) VALUES ('HE172568@fpt.edu.vn', '123')
INSERT INTO Account(username, password) VALUES ('HE172610@fpt.edu.vn', '123')
INSERT INTO Account(username, password) VALUES ('HE172717@fpt.edu.vn', '123')
INSERT INTO Account(username, password) VALUES ('HE172787@fpt.edu.vn', '123')
INSERT INTO Account(username, password) VALUES ('HE172851@fpt.edu.vn', '123')
INSERT INTO Account(username, password) VALUES ('HS171380@fpt.edu.vn', '123')
INSERT INTO Account(username, password) VALUES ('HE161302@fpt.edu.vn', '123')
INSERT INTO Account(username, password) VALUES ('HE163675@fpt.edu.vn', '123')
INSERT INTO Account(username, password) VALUES ('HE170059@fpt.edu.vn', '123')
INSERT INTO Account(username, password) VALUES ('HE170141@fpt.edu.vn', '123')
INSERT INTO Account(username, password) VALUES ('HE170176@fpt.edu.vn', '123')
INSERT INTO Account(username, password) VALUES ('HE170481@fpt.edu.vn', '123')
INSERT INTO Account(username, password) VALUES ('HE170646@fpt.edu.vn', '123')
INSERT INTO Account(username, password) VALUES ('HE170662@fpt.edu.vn', '123')
INSERT INTO Account(username, password) VALUES ('HE170738@fpt.edu.vn', '123')
INSERT INTO Account(username, password) VALUES ('HE170800@fpt.edu.vn', '123')
INSERT INTO Account(username, password) VALUES ('HE170827@fpt.edu.vn', '123')
INSERT INTO Account(username, password) VALUES ('HE170995@fpt.edu.vn', '123')
INSERT INTO Account(username, password) VALUES ('HE171110@fpt.edu.vn', '123')
INSERT INTO Account(username, password) VALUES ('HE171364@fpt.edu.vn', '123')
INSERT INTO Account(username, password) VALUES ('HE171534@fpt.edu.vn', '123')
INSERT INTO Account(username, password) VALUES ('HE172014@fpt.edu.vn', '123')
INSERT INTO Account(username, password) VALUES ('HE172264@fpt.edu.vn', '123')
INSERT INTO Account(username, password) VALUES ('HE172372@fpt.edu.vn', '123')
INSERT INTO Account(username, password) VALUES ('HE172701@fpt.edu.vn', '123')
INSERT INTO Account(username, password) VALUES ('HE172726@fpt.edu.vn', '123')
INSERT INTO Account(username, password) VALUES ('HE173209@fpt.edu.vn', '123')
INSERT INTO Account(username, password) VALUES ('HE173235@fpt.edu.vn', '123')
INSERT INTO Account(username, password) VALUES ('HE176292@fpt.edu.vn', '123')
INSERT INTO Account(username, password) VALUES ('HE176767@fpt.edu.vn', '123')
INSERT INTO Account(username, password) VALUES ('HE180542@fpt.edu.vn', '123')
INSERT INTO Account(username, password) VALUES ('HE181024@fpt.edu.vn', '123')
INSERT INTO Account(username, password) VALUES ('HE181266@fpt.edu.vn', '123')
INSERT INTO Account(username, password) VALUES ('HE182276@fpt.edu.vn', '123')
INSERT INTO Account(username, password) VALUES ('HE187276@fpt.edu.vn', '123')
INSERT INTO Account(username, password) VALUES ('HE150271@fpt.edu.vn', '123')
INSERT INTO Account(username, password) VALUES ('HE150862@fpt.edu.vn', '123')
INSERT INTO Account(username, password) VALUES ('HE153487@fpt.edu.vn', '123')
INSERT INTO Account(username, password) VALUES ('HE160021@fpt.edu.vn', '123')
INSERT INTO Account(username, password) VALUES ('HE160120@fpt.edu.vn', '123')
INSERT INTO Account(username, password) VALUES ('HE160277@fpt.edu.vn', '123')
INSERT INTO Account(username, password) VALUES ('HE160533@fpt.edu.vn', '123')
INSERT INTO Account(username, password) VALUES ('HE160623@fpt.edu.vn', '123')
INSERT INTO Account(username, password) VALUES ('HE160639@fpt.edu.vn', '123')
INSERT INTO Account(username, password) VALUES ('HE160854@fpt.edu.vn', '123')
INSERT INTO Account(username, password) VALUES ('HE160866@fpt.edu.vn', '123')
INSERT INTO Account(username, password) VALUES ('HE160929@fpt.edu.vn', '123')
INSERT INTO Account(username, password) VALUES ('HE160982@fpt.edu.vn', '123')
INSERT INTO Account(username, password) VALUES ('HE161234@fpt.edu.vn', '123')
INSERT INTO Account(username, password) VALUES ('HE161475@fpt.edu.vn', '123')
INSERT INTO Account(username, password) VALUES ('HE163040@fpt.edu.vn', '123')
INSERT INTO Account(username, password) VALUES ('HE163063@fpt.edu.vn', '123')
INSERT INTO Account(username, password) VALUES ('HE163083@fpt.edu.vn', '123')
INSERT INTO Account(username, password) VALUES ('HE163158@fpt.edu.vn', '123')
INSERT INTO Account(username, password) VALUES ('HE163166@fpt.edu.vn', '123')
INSERT INTO Account(username, password) VALUES ('HE163193@fpt.edu.vn', '123')
INSERT INTO Account(username, password) VALUES ('HE163249@fpt.edu.vn', '123')
INSERT INTO Account(username, password) VALUES ('HE163283@fpt.edu.vn', '123')
INSERT INTO Account(username, password) VALUES ('HE163359@fpt.edu.vn', '123')
INSERT INTO Account(username, password) VALUES ('HE163397@fpt.edu.vn', '123')
INSERT INTO Account(username, password) VALUES ('HE163500@fpt.edu.vn', '123')
INSERT INTO Account(username, password) VALUES ('HE163639@fpt.edu.vn', '123')
INSERT INTO Account(username, password) VALUES ('HE163653@fpt.edu.vn', '123')
INSERT INTO Account(username, password) VALUES ('HE163774@fpt.edu.vn', '123')
INSERT INTO Account(username, password) VALUES ('HE163906@fpt.edu.vn', '123')

INSERT INTO Account(username, password) VALUES ('sonnt5@fpt.edu.vn', '123')
INSERT INTO Account(username, password) VALUES ('thangnv75@fpt.edu.vn', '123')
INSERT INTO Account(username, password) VALUES ('tientd17@fpt.edu.vn', '123')
INSERT INTO Account(username, password) VALUES ('trungnt@fpt.edu.vn', '123')
INSERT INTO Account(username, password) VALUES ('yennth126@fpt.edu.vn', '123')
INSERT INTO Account(username, password) VALUES ('khaidq6@fpt.edu.vn', '123')
INSERT INTO Account(username, password) VALUES ('anhnh88@fpt.edu.vn', '123')


--SE1723-STUDENT 
INSERT INTO Student (accountId, studentId, studentName, gender) VALUES ('SE03520@fpt.edu.vn','SE03520', N'Shunom Peter Bala', 1);
INSERT INTO Student (accountId, studentId, studentName, gender) VALUES ('SE04495@fpt.edu.vn','SE04495', N'Ntui Obasi Maurice', 1);
INSERT INTO Student (accountId, studentId, studentName, gender) VALUES ('HE150057@fpt.edu.vn','HE150057', N'Nguyễn Nhật Anh', 1);
INSERT INTO Student (accountId, studentId, studentName, gender) VALUES ('HE151095@fpt.edu.vn','HE151095', N'Nguyễn Đức Minh', 1);
INSERT INTO Student (accountId, studentId, studentName, gender) VALUES ('HE153206@fpt.edu.vn','HE153206', N'Quách Duy Nam', 1);
INSERT INTO Student (accountId, studentId, studentName, gender) VALUES ('HE160694@fpt.edu.vn','HE160694', N'Vũ Đình Duy', 1);
INSERT INTO Student (accountId, studentId, studentName, gender) VALUES ('HE161357@fpt.edu.vn','HE161357', N'Nguyễn Trường Tây', 1);
INSERT INTO Student (accountId, studentId, studentName, gender) VALUES ('HE161795@fpt.edu.vn','HE161795', N'Dương Thành Minh', 1);
INSERT INTO Student (accountId, studentId, studentName, gender) VALUES ('HE163146@fpt.edu.vn','HE163146', N'Bùi Việt Hùng', 1);
INSERT INTO Student (accountId, studentId, studentName, gender) VALUES ('HE164035@fpt.edu.vn','HE164035', N'Nguyễn Tiến Anh', 1);
INSERT INTO Student (accountId, studentId, studentName, gender) VALUES ('HE170051@fpt.edu.vn','HE170051', N'Vũ Minh Tâm', 1);
INSERT INTO Student (accountId, studentId, studentName, gender) VALUES ('HE170245@fpt.edu.vn','HE170245', N'Bùi Hoàng Long', 1);
INSERT INTO Student (accountId, studentId, studentName, gender) VALUES ('HE170422@fpt.edu.vn','HE170422', N'Vũ Duy Phúc', 1);
INSERT INTO Student (accountId, studentId, studentName, gender) VALUES ('HE170428@fpt.edu.vn','HE170428', N'Trần Quang Huy', 1);
INSERT INTO Student (accountId, studentId, studentName, gender) VALUES ('HE170444@fpt.edu.vn','HE170444', N'Lê Đức Hiếu', 1);
INSERT INTO Student (accountId, studentId, studentName, gender) VALUES ('HE170533@fpt.edu.vn','HE170533', N'Nguyễn Quang Lợi', 1);
INSERT INTO Student (accountId, studentId, studentName, gender) VALUES ('HE170842@fpt.edu.vn','HE170842', N'Nguyễn Thanh Hậu', 0);
INSERT INTO Student (accountId, studentId, studentName, gender) VALUES ('HE170863@fpt.edu.vn','HE170863', N'Nguyễn Thị Khánh Huyền', 0);
INSERT INTO Student (accountId, studentId, studentName, gender) VALUES ('HE170907@fpt.edu.vn','HE170907', N'Phạm Trường Giang', 1);
INSERT INTO Student (accountId, studentId, studentName, gender) VALUES ('HE170996@fpt.edu.vn','HE170996', N'Khiếu Minh Đức', 1);
INSERT INTO Student (accountId, studentId, studentName, gender) VALUES ('HE171071@fpt.edu.vn','HE171071', N'Vũ Ngọc Nhất', 1);
INSERT INTO Student (accountId, studentId, studentName, gender) VALUES ('HE171073@fpt.edu.vn','HE171073', N'Hoàng Mai Phương', 0);
INSERT INTO Student (accountId, studentId, studentName, gender) VALUES ('HE171162@fpt.edu.vn','HE171162', N'Bùi Tiến Dũng', 1);
INSERT INTO Student (accountId, studentId, studentName, gender) VALUES ('HE171442@fpt.edu.vn','HE171442', N'Văn Công Quang Minh', 1);
INSERT INTO Student (accountId, studentId, studentName, gender) VALUES ('HE171482@fpt.edu.vn','HE171482', N'Đinh Tiến Mạnh', 1);
INSERT INTO Student (accountId, studentId, studentName, gender) VALUES ('HE171578@fpt.edu.vn','HE171578', N'Kiều Nam Hải', 1);
INSERT INTO Student (accountId, studentId, studentName, gender) VALUES ('HE171687@fpt.edu.vn','HE171687', N'Doãn Lâm Phúc', 1);
INSERT INTO Student (accountId, studentId, studentName, gender) VALUES ('HE171851@fpt.edu.vn','HE171851', N'Nguyễn Đức Minh', 1);
INSERT INTO Student (accountId, studentId, studentName, gender) VALUES ('HE171865@fpt.edu.vn','HE171865', N'Nguyễn Quang Hiếu', 1);
INSERT INTO Student (accountId, studentId, studentName, gender) VALUES ('HE176182@fpt.edu.vn','HE176182', N'Phan Việt Anh', 1);
INSERT INTO Student (accountId, studentId, studentName, gender) VALUES ('HE176697@fpt.edu.vn','HE176697', N'Nguyễn Thị Cẩm Tú', 0);
INSERT INTO Student (accountId, studentId, studentName, gender) VALUES ('HE176751@fpt.edu.vn','HE176751', N'Nguyễn Quốc Đạt', 1);
INSERT INTO Student (accountId, studentId, studentName, gender) VALUES ('HE153263@fpt.edu.vn','HE153263', N'Lương Huy Anh', 1);
INSERT INTO Student (accountId, studentId, studentName, gender) VALUES ('HE153535@fpt.edu.vn','HE153535', N'Nguyễn Quang Tiến', 1);
INSERT INTO Student (accountId, studentId, studentName, gender) VALUES ('HE160914@fpt.edu.vn','HE160914', N'Nguyễn Nghĩa Hoàng Giang', 1);
INSERT INTO Student (accountId, studentId, studentName, gender) VALUES ('HE161145@fpt.edu.vn','HE161145', N'Lê Hải Đăng', 1);
INSERT INTO Student (accountId, studentId, studentName, gender) VALUES ('HE161544@fpt.edu.vn','HE161544', N'Bùi Duy Đức', 1);
INSERT INTO Student (accountId, studentId, studentName, gender) VALUES ('HE161706@fpt.edu.vn','HE161706', N'Trịnh Xuân Việt', 1);
INSERT INTO Student (accountId, studentId, studentName, gender) VALUES ('HE161800@fpt.edu.vn','HE161800', N'Nguyễn Quang Hào', 1);
INSERT INTO Student (accountId, studentId, studentName, gender) VALUES ('HE161832@fpt.edu.vn','HE161832', N'Đồng Văn Nam', 1);
INSERT INTO Student (accountId, studentId, studentName, gender) VALUES ('HE160071@fpt.edu.vn','HE160071', N'Vũ Quốc Bình', 1);
INSERT INTO Student (accountId, studentId, studentName, gender) VALUES ('HE140639@fpt.edu.vn','HE140639', N'Trần Việt Long', 1);
INSERT INTO Student (accountId, studentId, studentName, gender) VALUES ('HE140842@fpt.edu.vn','HE140842', N'Phan Tuấn Linh', 1);
INSERT INTO Student (accountId, studentId, studentName, gender) VALUES ('HE161139@fpt.edu.vn','HE161139', N'Lê Tuấn Anh', 1);
INSERT INTO Student (accountId, studentId, studentName, gender) VALUES ('HE161481@fpt.edu.vn','HE161481', N'Mai Ngọc Tú', 1);
INSERT INTO Student (accountId, studentId, studentName, gender) VALUES ('HE161512@fpt.edu.vn','HE161512', N'Hoàng Xuân Vinh', 1);
INSERT INTO Student (accountId, studentId, studentName, gender) VALUES ('HE161733@fpt.edu.vn','HE161733', N'Vũ Duy Hưng', 1);
INSERT INTO Student (accountId, studentId, studentName, gender) VALUES ('HE161869@fpt.edu.vn','HE161869', N'Nguyễn Ngọc Dân', 1);
INSERT INTO Student (accountId, studentId, studentName, gender) VALUES ('HE140339@fpt.edu.vn','HE140339', N'Nguyễn Văn Toan', 1);
INSERT INTO Student (accountId, studentId, studentName, gender) VALUES ('HE150282@fpt.edu.vn','HE150282', N'Lê Hồng Sơn', 1);
INSERT INTO Student (accountId, studentId, studentName, gender) VALUES ('HE160625@fpt.edu.vn','HE160625', N'Nguyễn Hải Khang', 1);
INSERT INTO Student (accountId, studentId, studentName, gender) VALUES ('HE160682@fpt.edu.vn','HE160682', N'Tống Văn Vinh', 1);
INSERT INTO Student (accountId, studentId, studentName, gender) VALUES ('HE161469@fpt.edu.vn','HE161469', N'Nguyễn Văn Hội', 1);
INSERT INTO Student (accountId, studentId, studentName, gender) VALUES ('HE161861@fpt.edu.vn','HE161861', N'Tống Quang Hùng', 1);
INSERT INTO Student (accountId, studentId, studentName, gender) VALUES ('HE161875@fpt.edu.vn','HE161875', N'Vũ Danh Huy', 1);
INSERT INTO Student (accountId, studentId, studentName, gender) VALUES ('HE161882@fpt.edu.vn','HE161882', N'Vũ Thị Ngọc Anh', 0);
INSERT INTO Student (accountId, studentId, studentName, gender) VALUES ('HE161918@fpt.edu.vn','HE161918', N'Ngô Hữu Nam', 1);
INSERT INTO Student (accountId, studentId, studentName, gender) VALUES ('HE163001@fpt.edu.vn','HE163001', N'Chu Việt Thắng', 1);
INSERT INTO Student (accountId, studentId, studentName, gender) VALUES ('HE163154@fpt.edu.vn','HE163154', N'Lê Thế Khải', 1);
INSERT INTO Student (accountId, studentId, studentName, gender) VALUES ('HE163233@fpt.edu.vn','HE163233', N'Trần Mai Linh', 0);
INSERT INTO Student (accountId, studentId, studentName, gender) VALUES ('HE171163@fpt.edu.vn','HE171163', N'Đặng Vũ Gia Bình', 1);
INSERT INTO Student (accountId, studentId, studentName, gender) VALUES ('HE171403@fpt.edu.vn','HE171403', N'Phan Minh Cường', 1);
INSERT INTO Student (accountId, studentId, studentName, gender) VALUES ('HE171408@fpt.edu.vn','HE171408', N'Lê Phan Thảo Nguyên', 0);
INSERT INTO Student (accountId, studentId, studentName, gender) VALUES ('HE171590@fpt.edu.vn','HE171590', N'Chu Việt Hoàng', 1);
INSERT INTO Student (accountId, studentId, studentName, gender) VALUES ('HE171985@fpt.edu.vn','HE171985', N'Nguyễn Mai Hiền Anh', 0);
INSERT INTO Student (accountId, studentId, studentName, gender) VALUES ('HE172734@fpt.edu.vn','HE172734', N'Nguyễn Thế Anh', 1);
INSERT INTO Student (accountId, studentId, studentName, gender) VALUES ('HE172742@fpt.edu.vn','HE172742', N'Nguyễn Việt Thành', 1);
INSERT INTO Student (accountId, studentId, studentName, gender) VALUES ('HE173033@fpt.edu.vn','HE173033', N'Trần Minh Đức', 1);
INSERT INTO Student (accountId, studentId, studentName, gender) VALUES ('HE176160@fpt.edu.vn','HE176160', N'Triệu Thạch Ân', 1);
INSERT INTO Student (accountId, studentId, studentName, gender) VALUES ('HE176187@fpt.edu.vn','HE176187', N'Nguyễn Hoàng Đức', 1);
INSERT INTO Student (accountId, studentId, studentName, gender) VALUES ('HE176230@fpt.edu.vn','HE176230', N'Nguyễn Mạnh Cường', 1);
INSERT INTO Student (accountId, studentId, studentName, gender) VALUES ('HE176586@fpt.edu.vn','HE176586', N'Đinh Nhật Hoàng', 1);
INSERT INTO Student (accountId, studentId, studentName, gender) VALUES ('HS160715@fpt.edu.vn','HS160715', N'Vũ Văn Thượng', 1);

--	All student 
INSERT INTO Student (accountId, studentId, studentName, studentImage, gender) VALUES ('DE170703@fpt.edu.vn','DE170703', N'Phạm Thanh Tùng', 'https://this-person-does-not-exist.com/img/avatar-1143eedea9925ced03a18fd71625a895.jpg', 1);
INSERT INTO Student (accountId, studentId, studentName, studentImage, gender) VALUES ('HE163415@fpt.edu.vn','HE163415', N'Nguyễn Ngọc Nghĩa', 'https://this-person-does-not-exist.com/img/avatar-11bbeedf52cb384338ef6806998587c0.jpg', 1);
INSERT INTO Student (accountId, studentId, studentName, studentImage, gender) VALUES ('HE164044@fpt.edu.vn','HE164044', N'Tô Thị Vân', 'https://this-person-does-not-exist.com/img/avatar-11b957515f6e09115556086ba6d999b0.jpg', 0);
INSERT INTO Student (accountId, studentId, studentName, studentImage, gender) VALUES ('HE170180@fpt.edu.vn','HE170180', N'Trần Quang Khải', 'https://this-person-does-not-exist.com/img/avatar-113716d1ffc366bda2f896103828319a.jpg', 1);
INSERT INTO Student (accountId, studentId, studentName, studentImage, gender) VALUES ('HE170595@fpt.edu.vn','HE170595', N'Vũ Quang Toàn', 'https://this-person-does-not-exist.com/img/avatar-115ec8b9f8a95078451d0c6cdceb3814.jpg', 1);
INSERT INTO Student (accountId, studentId, studentName, studentImage, gender) VALUES ('HE171098@fpt.edu.vn','HE171098', N'Ngô Vũ Dương', 'https://this-person-does-not-exist.com/img/avatar-1173cdfc0ee32a815d3e2c48a82d28c9.jpg', 1);
INSERT INTO Student (accountId, studentId, studentName, studentImage, gender) VALUES ('HE171319@fpt.edu.vn','HE171319', N'Nguyễn Mạnh Dũng', 'https://this-person-does-not-exist.com/img/avatar-11c4f537fefa5268103ec3a0567b3949.jpg', 1);
INSERT INTO Student (accountId, studentId, studentName, studentImage, gender) VALUES ('HE171320@fpt.edu.vn','HE171320', N'Lê Anh Quân', 'https://this-person-does-not-exist.com/img/avatar-113032139ca1541c168ba860ddfb53ec.jpg', 1);
INSERT INTO Student (accountId, studentId, studentName, studentImage, gender) VALUES ('HE171416@fpt.edu.vn','HE171416', N'Lê Tiến Thành', 'https://this-person-does-not-exist.com/img/avatar-111d8eaa0f2b7ac20fc9957cdd14fad1.jpg', 1);
INSERT INTO Student (accountId, studentId, studentName, studentImage, gender) VALUES ('HE171702@fpt.edu.vn','HE171702', N'Nguyễn Văn Đức', 'https://this-person-does-not-exist.com/img/avatar-1138f92d07e6efc791b8f4dd8d571d53.jpg', 1);
INSERT INTO Student (accountId, studentId, studentName, studentImage, gender) VALUES ('HE171937@fpt.edu.vn','HE171937', N'Dương Minh Hoàng', 'https://this-person-does-not-exist.com/img/avatar-113d00a6aa5b72949fa4d77a47b639cd.jpg', 1);
INSERT INTO Student (accountId, studentId, studentName, studentImage, gender) VALUES ('HE172032@fpt.edu.vn','HE172032', N'Trần Khánh Tùng', 'https://this-person-does-not-exist.com/img/avatar-1110221316cef4327ba5df6257c83bc3.jpg', 1);
INSERT INTO Student (accountId, studentId, studentName, studentImage, gender) VALUES ('HE173037@fpt.edu.vn','HE173037', N'Lương Thị Diệu Linh', 'https://this-person-does-not-exist.com/img/avatar-113032139ca1541c168ba860ddfb53ec.jpg', 0);
INSERT INTO Student (accountId, studentId, studentName, studentImage, gender) VALUES ('HE173046@fpt.edu.vn','HE173046', N'Đoàn Tùng Anh', 'https://this-person-does-not-exist.com/img/avatar-115f3446fb71b08860242554235d9729.jpg', 1);
INSERT INTO Student (accountId, studentId, studentName, studentImage, gender) VALUES ('HE176640@fpt.edu.vn','HE176640', N'Nguyễn Văn Đức', 'https://this-person-does-not-exist.com/img/avatar-11b957515f6e09115556086ba6d999b0.jpg', 1);
INSERT INTO Student (accountId, studentId, studentName, studentImage, gender) VALUES ('HE181829@fpt.edu.vn','HE181829', N'Vũ Thành Nam', 'https://this-person-does-not-exist.com/img/avatar-119a6ef18309f490c23562994468d27e.jpg', 1);
INSERT INTO Student (accountId, studentId, studentName, studentImage, gender) VALUES ('HE181879@fpt.edu.vn','HE181879', N'Trần Quốc Bảo', 'https://this-person-does-not-exist.com/img/avatar-113a598d44c15f0eb0f70368a7373e9a.jpg', 1);
INSERT INTO Student (accountId, studentId, studentName, studentImage, gender) VALUES ('HS170024@fpt.edu.vn','HS170024', N'Phạm Phương Vy', 'https://this-person-does-not-exist.com/img/avatar-1110fac4f4e13377eac82b936fbb8682.jpg', 0);
INSERT INTO Student (accountId, studentId, studentName, studentImage, gender) VALUES ('HS170726@fpt.edu.vn','HS170726', N'Nguyễn Thị Trang', 'https://this-person-does-not-exist.com/img/avatar-1173cdfc0ee32a815d3e2c48a82d28c9.jpg', 1);
INSERT INTO Student (accountId, studentId, studentName, studentImage, gender) VALUES ('HS173175@fpt.edu.vn','HS173175', N'Trương Thế Anh', 'https://this-person-does-not-exist.com/img/avatar-116685ff173b4353231f8a1a18a1e8d9.jpg', 1);
INSERT INTO Student (accountId, studentId, studentName, studentImage, gender) VALUES ('HS176033@fpt.edu.vn','HS176033', N'Nông Khánh Duy', 'https://this-person-does-not-exist.com/img/avatar-118010e79ff7f0ef0a2e08cdfced6f92.jpg', 1);
INSERT INTO Student (accountId, studentId, studentName, studentImage, gender) VALUES ('HE153678@fpt.edu.vn','HE153678', N'Phạm Xuân Bách', 'https://this-person-does-not-exist.com/img/avatar-1131df27cb6136df0b9cfd25d25fcc2f.jpg', 1);
INSERT INTO Student (accountId, studentId, studentName, studentImage, gender) VALUES ('HE161700@fpt.edu.vn','HE161700', N'Nguyễn Hồng Đăng', 'https://this-person-does-not-exist.com/img/avatar-111d8eaa0f2b7ac20fc9957cdd14fad1.jpg', 1);
INSERT INTO Student (accountId, studentId, studentName, studentImage, gender) VALUES ('HE161755@fpt.edu.vn','HE161755', N'Trần Minh Tú', 'https://this-person-does-not-exist.com/img/avatar-115ec8b9f8a95078451d0c6cdceb3814.jpg', 1);
INSERT INTO Student (accountId, studentId, studentName, studentImage, gender) VALUES ('HE163635@fpt.edu.vn','HE163635', N'Nguyễn Vũ Mạnh Cường', 'https://this-person-does-not-exist.com/img/avatar-111028f8ee3158a470545cab18eade67.jpg', 1);
INSERT INTO Student (accountId, studentId, studentName, studentImage, gender) VALUES ('HE170072@fpt.edu.vn','HE170072', N'Nguyễn Khánh Tuấn Đức', 'https://this-person-does-not-exist.com/img/avatar-1131df27cb6136df0b9cfd25d25fcc2f.jpg', 1);
INSERT INTO Student (accountId, studentId, studentName, studentImage, gender) VALUES ('HE170201@fpt.edu.vn','HE170201', N'Lưu Đức Khánh', 'https://this-person-does-not-exist.com/img/avatar-116685ff173b4353231f8a1a18a1e8d9.jpg', 1);
INSERT INTO Student (accountId, studentId, studentName, studentImage, gender) VALUES ('HE170203@fpt.edu.vn','HE170203', N'Phạm Quốc Bình', 'https://this-person-does-not-exist.com/img/avatar-1110221316cef4327ba5df6257c83bc3.jpg', 1);
INSERT INTO Student (accountId, studentId, studentName, studentImage, gender) VALUES ('HE170420@fpt.edu.vn','HE170420', N'Nguyễn Xuân Huy', 'https://this-person-does-not-exist.com/img/avatar-11b957515f6e09115556086ba6d999b0.jpg', 1);
INSERT INTO Student (accountId, studentId, studentName, studentImage, gender) VALUES ('HE170617@fpt.edu.vn','HE170617', N'Trần Quang Minh', 'https://this-person-does-not-exist.com/img/avatar-11a0c5d97f8a62569154a84a6c2594d4.jpg', 1);
INSERT INTO Student (accountId, studentId, studentName, studentImage, gender) VALUES ('HE171209@fpt.edu.vn','HE171209', N'Phạm Hoàng Nam', 'https://this-person-does-not-exist.com/img/avatar-116eefa413d798cbb06d29be36a2d5f8.jpg', 1);
INSERT INTO Student (accountId, studentId, studentName, studentImage, gender) VALUES ('HE171310@fpt.edu.vn','HE171310', N'Phạm Tuấn Minh', 'https://this-person-does-not-exist.com/img/avatar-1168915b7bd434abd8c03f720aa99829.jpg', 1);
INSERT INTO Student (accountId, studentId, studentName, studentImage, gender) VALUES ('HE171883@fpt.edu.vn','HE171883', N'Mã Vĩnh Lộc', 'https://this-person-does-not-exist.com/img/avatar-1168915b7bd434abd8c03f720aa99829.jpg', 1);
INSERT INTO Student (accountId, studentId, studentName, studentImage, gender) VALUES ('HE172207@fpt.edu.vn','HE172207', N'Bùi Tuấn Sơn', 'https://this-person-does-not-exist.com/img/avatar-113716d1ffc366bda2f896103828319a.jpg', 1);
INSERT INTO Student (accountId, studentId, studentName, studentImage, gender) VALUES ('HE172366@fpt.edu.vn','HE172366', N'Nguyễn Xuân Hải', 'https://this-person-does-not-exist.com/img/avatar-118010e79ff7f0ef0a2e08cdfced6f92.jpg', 1);
INSERT INTO Student (accountId, studentId, studentName, studentImage, gender) VALUES ('HE172533@fpt.edu.vn','HE172533', N'Lê Quang Trung', 'https://this-person-does-not-exist.com/img/avatar-113716d1ffc366bda2f896103828319a.jpg', 1);
INSERT INTO Student (accountId, studentId, studentName, studentImage, gender) VALUES ('HE172693@fpt.edu.vn','HE172693', N'Trần Huy Tuấn', 'https://this-person-does-not-exist.com/img/avatar-118909b6b28743ced251b9c1df91f8e6.jpg', 1);
INSERT INTO Student (accountId, studentId, studentName, studentImage, gender) VALUES ('HE172802@fpt.edu.vn','HE172802', N'Lê Xuân Hào', 'https://this-person-does-not-exist.com/img/avatar-119a6ef18309f490c23562994468d27e.jpg', 1);
INSERT INTO Student (accountId, studentId, studentName, studentImage, gender) VALUES ('HE173328@fpt.edu.vn','HE173328', N'Lưu Đức Tú', 'https://this-person-does-not-exist.com/img/avatar-11c30e131652deda37ead35b616ba443.jpg', 1);
INSERT INTO Student (accountId, studentId, studentName, studentImage, gender) VALUES ('HE173373@fpt.edu.vn','HE173373', N'Hoàng Anh Tú', 'https://this-person-does-not-exist.com/img/avatar-1143eedea9925ced03a18fd71625a895.jpg', 1);
INSERT INTO Student (accountId, studentId, studentName, studentImage, gender) VALUES ('HE173476@fpt.edu.vn','HE173476', N'Phạm Trường Giang', 'https://this-person-does-not-exist.com/img/avatar-113032139ca1541c168ba860ddfb53ec.jpg', 1);
INSERT INTO Student (accountId, studentId, studentName, studentImage, gender) VALUES ('HE173489@fpt.edu.vn','HE173489', N'Nguyễn Hữu Kiên', 'https://this-person-does-not-exist.com/img/avatar-11b957515f6e09115556086ba6d999b0.jpg', 1);
INSERT INTO Student (accountId, studentId, studentName, studentImage, gender) VALUES ('HE176275@fpt.edu.vn','HE176275', N'Lê Đăng Huy', 'https://this-person-does-not-exist.com/img/avatar-111abebbe45f05454ca5e4e7a9bb67dc.jpg', 1);
INSERT INTO Student (accountId, studentId, studentName, studentImage, gender) VALUES ('HE176282@fpt.edu.vn','HE176282', N'Nguyễn Đăng Long', 'https://this-person-does-not-exist.com/img/avatar-119a6ef18309f490c23562994468d27e.jpg', 1);
INSERT INTO Student (accountId, studentId, studentName, studentImage, gender) VALUES ('HE176285@fpt.edu.vn','HE176285', N'Phạm Minh Khánh', 'https://this-person-does-not-exist.com/img/avatar-115f3446fb71b08860242554235d9729.jpg', 1);
INSERT INTO Student (accountId, studentId, studentName, studentImage, gender) VALUES ('HE176346@fpt.edu.vn','HE176346', N'Nguyễn Ngọc Tuấn Huy', 'https://this-person-does-not-exist.com/img/avatar-11bbeedf52cb384338ef6806998587c0.jpg', 1);
INSERT INTO Student (accountId, studentId, studentName, studentImage, gender) VALUES ('HE176360@fpt.edu.vn','HE176360', N'Thái Xuân Khánh', 'https://this-person-does-not-exist.com/img/avatar-113716d1ffc366bda2f896103828319a.jpg', 1);
INSERT INTO Student (accountId, studentId, studentName, studentImage, gender) VALUES ('HE176603@fpt.edu.vn','HE176603', N'Đinh Thu Ngân', 'https://this-person-does-not-exist.com/img/avatar-11aa4f84caa8577a65f6d23830b49649.jpg', 0);
INSERT INTO Student (accountId, studentId, studentName, studentImage, gender) VALUES ('HE176686@fpt.edu.vn','HE176686', N'Nguyễn Tiến Hưng', 'https://this-person-does-not-exist.com/img/avatar-11191b19b3f57e5fb5edc18715b13a48.jpg', 1);
INSERT INTO Student (accountId, studentId, studentName, studentImage, gender) VALUES ('HE176834@fpt.edu.vn','HE176834', N'Dương Quang Tuấn', 'https://this-person-does-not-exist.com/img/avatar-113032139ca1541c168ba860ddfb53ec.jpg', 1);
INSERT INTO Student (accountId, studentId, studentName, studentImage, gender) VALUES ('HE161232@fpt.edu.vn','HE161232', N'Ngô Quang Bá', 'https://this-person-does-not-exist.com/img/avatar-11688247094d44475db367c927eb8a0a.jpg', 1);
INSERT INTO Student (accountId, studentId, studentName, studentImage, gender) VALUES ('HE161643@fpt.edu.vn','HE161643', N'Trần Ngọc Quý', 'https://this-person-does-not-exist.com/img/avatar-11619a77ee2b45ce6da584d7303edd46.jpg', 1);
INSERT INTO Student (accountId, studentId, studentName, studentImage, gender) VALUES ('HE163665@fpt.edu.vn','HE163665', N'Phạm Tuấn Dương', 'https://this-person-does-not-exist.com/img/avatar-110f80fec65b00a630d729dc84a64b97.jpg', 1);
INSERT INTO Student (accountId, studentId, studentName, studentImage, gender) VALUES ('HE170123@fpt.edu.vn','HE170123', N'Nguyễn Việt Anh', 'https://this-person-does-not-exist.com/img/avatar-113032139ca1541c168ba860ddfb53ec.jpg', 1);
INSERT INTO Student (accountId, studentId, studentName, studentImage, gender) VALUES ('HE170268@fpt.edu.vn','HE170268', N'Nguyễn Anh Tuấn', 'https://this-person-does-not-exist.com/img/avatar-115d2b559c4ed3d3ec5fb725ef1ed449.jpg', 1);
INSERT INTO Student (accountId, studentId, studentName, studentImage, gender) VALUES ('HE170302@fpt.edu.vn','HE170302', N'Đào Xuân Quang', 'https://this-person-does-not-exist.com/img/avatar-115d62901e31c1ac9074e99736455032.jpg', 1);
INSERT INTO Student (accountId, studentId, studentName, studentImage, gender) VALUES ('HE170314@fpt.edu.vn','HE170314', N'Nguyễn Gia Khánh', 'https://this-person-does-not-exist.com/img/avatar-113d00a6aa5b72949fa4d77a47b639cd.jpg', 1);
INSERT INTO Student (accountId, studentId, studentName, studentImage, gender) VALUES ('HE170317@fpt.edu.vn','HE170317', N'Hoàng Nghĩa Hiệp', 'https://this-person-does-not-exist.com/img/avatar-11581b50c499c0e8ad3022519d08daf2.jpg', 1);
INSERT INTO Student (accountId, studentId, studentName, studentImage, gender) VALUES ('HE170436@fpt.edu.vn','HE170436', N'Phạm Quang Đạt', 'https://this-person-does-not-exist.com/img/avatar-118909b6b28743ced251b9c1df91f8e6.jpg', 1);
INSERT INTO Student (accountId, studentId, studentName, studentImage, gender) VALUES ('HE170593@fpt.edu.vn','HE170593', N'Đinh Đăng Cảnh', 'https://this-person-does-not-exist.com/img/avatar-1110fac4f4e13377eac82b936fbb8682.jpg', 1);
INSERT INTO Student (accountId, studentId, studentName, studentImage, gender) VALUES ('HE170625@fpt.edu.vn','HE170625', N'Đặng Công Đạt', 'https://this-person-does-not-exist.com/img/avatar-11b957515f6e09115556086ba6d999b0.jpg', 1);
INSERT INTO Student (accountId, studentId, studentName, studentImage, gender) VALUES ('HE170663@fpt.edu.vn','HE170663', N'Lê Thành Công', 'https://this-person-does-not-exist.com/img/avatar-115f3446fb71b08860242554235d9729.jpg', 1);
INSERT INTO Student (accountId, studentId, studentName, studentImage, gender) VALUES ('HE170911@fpt.edu.vn','HE170911', N'Vũ Hoàng Long', 'https://this-person-does-not-exist.com/img/avatar-11a0c5d97f8a62569154a84a6c2594d4.jpg', 1);
INSERT INTO Student (accountId, studentId, studentName, studentImage, gender) VALUES ('HE170966@fpt.edu.vn','HE170966', N'Đinh Quốc Thái', 'https://this-person-does-not-exist.com/img/avatar-110840a7266343bf716c24aad064b983.jpg', 1);
INSERT INTO Student (accountId, studentId, studentName, studentImage, gender) VALUES ('HE171116@fpt.edu.vn','HE171116', N'Nguyễn Xuân Kiên', 'https://this-person-does-not-exist.com/img/avatar-11ae671ba29f0d0ba5fbeab5502aaadb.jpg', 1);
INSERT INTO Student (accountId, studentId, studentName, studentImage, gender) VALUES ('HE171271@fpt.edu.vn','HE171271', N'Lê Thùy Linh', 'https://this-person-does-not-exist.com/img/avatar-116685ff173b4353231f8a1a18a1e8d9.jpg', 0);
INSERT INTO Student (accountId, studentId, studentName, studentImage, gender) VALUES ('HE171494@fpt.edu.vn','HE171494', N'Trịnh Hải Phong', 'https://this-person-does-not-exist.com/img/avatar-119a6ef18309f490c23562994468d27e.jpg', 1);
INSERT INTO Student (accountId, studentId, studentName, studentImage, gender) VALUES ('HE171519@fpt.edu.vn','HE171519', N'Hoàng Phan Quốc Đạt', 'https://this-person-does-not-exist.com/img/avatar-119a6ef18309f490c23562994468d27e.jpg', 1);
INSERT INTO Student (accountId, studentId, studentName, studentImage, gender) VALUES ('HE171547@fpt.edu.vn','HE171547', N'Nguyễn Minh Hiếu', 'https://this-person-does-not-exist.com/img/avatar-111028f8ee3158a470545cab18eade67.jpg', 1);
INSERT INTO Student (accountId, studentId, studentName, studentImage, gender) VALUES ('HE171589@fpt.edu.vn','HE171589', N'Phạm Trần Hồng Anh', 'https://this-person-does-not-exist.com/img/avatar-112a3a2e41f761f03c2d5d5713812499.jpg', 1);
INSERT INTO Student (accountId, studentId, studentName, studentImage, gender) VALUES ('HE171601@fpt.edu.vn','HE171601', N'Nguyễn Quý Dương', 'https://this-person-does-not-exist.com/img/avatar-11776c74f1a9ca3217a2a2fdae66f372.jpg', 1);
INSERT INTO Student (accountId, studentId, studentName, studentImage, gender) VALUES ('HE172039@fpt.edu.vn','HE172039', N'Vũ Minh Hiếu', 'https://this-person-does-not-exist.com/img/avatar-111028f8ee3158a470545cab18eade67.jpg', 1);
INSERT INTO Student (accountId, studentId, studentName, studentImage, gender) VALUES ('HE172040@fpt.edu.vn','HE172040', N'Nguyễn Minh Duy', 'https://this-person-does-not-exist.com/img/avatar-115f3446fb71b08860242554235d9729.jpg', 1);
INSERT INTO Student (accountId, studentId, studentName, studentImage, gender) VALUES ('HE172095@fpt.edu.vn','HE172095', N'Nguyễn Minh Quang', 'https://this-person-does-not-exist.com/img/avatar-111abebbe45f05454ca5e4e7a9bb67dc.jpg', 1);
INSERT INTO Student (accountId, studentId, studentName, studentImage, gender) VALUES ('HE172175@fpt.edu.vn','HE172175', N'Đoàn Ngọc Vũ', 'https://this-person-does-not-exist.com/img/avatar-115ec8b9f8a95078451d0c6cdceb3814.jpg', 1);
INSERT INTO Student (accountId, studentId, studentName, studentImage, gender) VALUES ('HE172860@fpt.edu.vn','HE172860', N'Phạm Đức Minh', 'https://this-person-does-not-exist.com/img/avatar-115ec8b9f8a95078451d0c6cdceb3814.jpg', 1);
INSERT INTO Student (accountId, studentId, studentName, studentImage, gender) VALUES ('HE172875@fpt.edu.vn','HE172875', N'Bạch Đăng Tùng', 'https://this-person-does-not-exist.com/img/avatar-113716d1ffc366bda2f896103828319a.jpg', 1);
INSERT INTO Student (accountId, studentId, studentName, studentImage, gender) VALUES ('HE176347@fpt.edu.vn','HE176347', N'Nguyễn Thị Ngọc Mai', 'https://this-person-does-not-exist.com/img/avatar-114827f43d2761b9bf058c8c37e7e1ef.jpg', 0);
INSERT INTO Student (accountId, studentId, studentName, studentImage, gender) VALUES ('HE176485@fpt.edu.vn','HE176485', N'Lại Khánh Trang', 'https://this-person-does-not-exist.com/img/avatar-1110221316cef4327ba5df6257c83bc3.jpg', 0);
INSERT INTO Student (accountId, studentId, studentName, studentImage, gender) VALUES ('HE176673@fpt.edu.vn','HE176673', N'Đỗ Phú Lộc', 'https://this-person-does-not-exist.com/img/avatar-1117578ba4a783cb8a10f83e24236fc5.jpg', 1);
INSERT INTO Student (accountId, studentId, studentName, studentImage, gender) VALUES ('HE130464@fpt.edu.vn','HE130464', N'Lê Ngọc Tân', 'https://this-person-does-not-exist.com/img/avatar-116d2f56baf9d79cc4300b5fe7bfe295.jpg', 1);
INSERT INTO Student (accountId, studentId, studentName, studentImage, gender) VALUES ('HE170038@fpt.edu.vn','HE170038', N'Lê Việt Hưng', 'https://this-person-does-not-exist.com/img/avatar-11a0b34009c25b9befc0e83ded8a0347.jpg', 1);
INSERT INTO Student (accountId, studentId, studentName, studentImage, gender) VALUES ('HE170351@fpt.edu.vn','HE170351', N'Trương Hữu Nhật', 'https://this-person-does-not-exist.com/img/avatar-115bdb139f4aaf88cd02d4f795aeee13.jpg', 1);
INSERT INTO Student (accountId, studentId, studentName, studentImage, gender) VALUES ('HE170459@fpt.edu.vn','HE170459', N'Lê Bảo Lâm', 'https://this-person-does-not-exist.com/img/avatar-11a0c5d97f8a62569154a84a6c2594d4.jpg', 1);
INSERT INTO Student (accountId, studentId, studentName, studentImage, gender) VALUES ('HE170704@fpt.edu.vn','HE170704', N'Nguyễn Lâm Huy', 'https://this-person-does-not-exist.com/img/avatar-1143eedea9925ced03a18fd71625a895.jpg', 1);
INSERT INTO Student (accountId, studentId, studentName, studentImage, gender) VALUES ('HE170855@fpt.edu.vn','HE170855', N'Trần Thiên Minh', 'https://this-person-does-not-exist.com/img/avatar-11a0b34009c25b9befc0e83ded8a0347.jpg', 1);
INSERT INTO Student (accountId, studentId, studentName, studentImage, gender) VALUES ('HE170913@fpt.edu.vn','HE170913', N'Trần Việt Hưng', 'https://this-person-does-not-exist.com/img/avatar-11581b50c499c0e8ad3022519d08daf2.jpg', 1);
INSERT INTO Student (accountId, studentId, studentName, studentImage, gender) VALUES ('HE171112@fpt.edu.vn','HE171112', N'Nguyễn Tuấn Minh', 'https://this-person-does-not-exist.com/img/avatar-112a3a2e41f761f03c2d5d5713812499.jpg', 1);
INSERT INTO Student (accountId, studentId, studentName, studentImage, gender) VALUES ('HE171153@fpt.edu.vn','HE171153', N'Đỗ Văn Dũng', 'https://this-person-does-not-exist.com/img/avatar-11191b19b3f57e5fb5edc18715b13a48.jpg', 1);
INSERT INTO Student (accountId, studentId, studentName, studentImage, gender) VALUES ('HE171284@fpt.edu.vn','HE171284', N'Nguyễn Mạnh Tuấn', 'https://this-person-does-not-exist.com/img/avatar-115f3446fb71b08860242554235d9729.jpg', 1);
INSERT INTO Student (accountId, studentId, studentName, studentImage, gender) VALUES ('HE171454@fpt.edu.vn','HE171454', N'Trần Bá Cường', 'https://this-person-does-not-exist.com/img/avatar-116685ff173b4353231f8a1a18a1e8d9.jpg', 1);
INSERT INTO Student (accountId, studentId, studentName, studentImage, gender) VALUES ('HE171518@fpt.edu.vn','HE171518', N'Phan Hoài Nam', 'https://this-person-does-not-exist.com/img/avatar-113a598d44c15f0eb0f70368a7373e9a.jpg', 1);
INSERT INTO Student (accountId, studentId, studentName, studentImage, gender) VALUES ('HE171587@fpt.edu.vn','HE171587', N'Đỗ Tuấn Vũ', 'https://this-person-does-not-exist.com/img/avatar-11688247094d44475db367c927eb8a0a.jpg', 1);
INSERT INTO Student (accountId, studentId, studentName, studentImage, gender) VALUES ('HE171927@fpt.edu.vn','HE171927', N'Nguyễn Hồng Hải', 'https://this-person-does-not-exist.com/img/avatar-118909b6b28743ced251b9c1df91f8e6.jpg', 1);
INSERT INTO Student (accountId, studentId, studentName, studentImage, gender) VALUES ('HE172073@fpt.edu.vn','HE172073', N'Nguyễn Đình Tiến', 'https://this-person-does-not-exist.com/img/avatar-1131df27cb6136df0b9cfd25d25fcc2f.jpg', 1);
INSERT INTO Student (accountId, studentId, studentName, studentImage, gender) VALUES ('HE172273@fpt.edu.vn','HE172273', N'Nguyễn Thành Đạt', 'https://this-person-does-not-exist.com/img/avatar-11bbeedf52cb384338ef6806998587c0.jpg', 1);
INSERT INTO Student (accountId, studentId, studentName, studentImage, gender) VALUES ('HE172339@fpt.edu.vn','HE172339', N'Nguyễn Quang Duy', 'https://this-person-does-not-exist.com/img/avatar-1173cdfc0ee32a815d3e2c48a82d28c9.jpg', 1);
INSERT INTO Student (accountId, studentId, studentName, studentImage, gender) VALUES ('HE172486@fpt.edu.vn','HE172486', N'Trương Thanh Bình', 'https://this-person-does-not-exist.com/img/avatar-115ec8b9f8a95078451d0c6cdceb3814.jpg', 1);
INSERT INTO Student (accountId, studentId, studentName, studentImage, gender) VALUES ('HE172517@fpt.edu.vn','HE172517', N'Phạm Phú Việt Hùng', 'https://this-person-does-not-exist.com/img/avatar-11c8c65e0b5af16c83f228004b08eedb.jpg', 1);
INSERT INTO Student (accountId, studentId, studentName, studentImage, gender) VALUES ('HE172525@fpt.edu.vn','HE172525', N'Ngô Văn Trường', 'https://this-person-does-not-exist.com/img/avatar-11191b19b3f57e5fb5edc18715b13a48.jpg', 1);
INSERT INTO Student (accountId, studentId, studentName, studentImage, gender) VALUES ('HE172826@fpt.edu.vn','HE172826', N'Nguyễn Hoàng Trung', 'https://this-person-does-not-exist.com/img/avatar-114827f43d2761b9bf058c8c37e7e1ef.jpg', 1);
INSERT INTO Student (accountId, studentId, studentName, studentImage, gender) VALUES ('HE173222@fpt.edu.vn','HE173222', N'Nguyễn Đình Bách', 'https://this-person-does-not-exist.com/img/avatar-11619a77ee2b45ce6da584d7303edd46.jpg', 1);
INSERT INTO Student (accountId, studentId, studentName, studentImage, gender) VALUES ('HE173258@fpt.edu.vn','HE173258', N'Trần Quốc Trung', 'https://this-person-does-not-exist.com/img/avatar-1110221316cef4327ba5df6257c83bc3.jpg', 1);
INSERT INTO Student (accountId, studentId, studentName, studentImage, gender) VALUES ('HE176027@fpt.edu.vn','HE176027', N'Dương Xuân Bách', 'https://this-person-does-not-exist.com/img/avatar-11a0b34009c25b9befc0e83ded8a0347.jpg', 1);
INSERT INTO Student (accountId, studentId, studentName, studentImage, gender) VALUES ('HE176125@fpt.edu.vn','HE176125', N'Mạc Nguyễn Thiên', 'https://this-person-does-not-exist.com/img/avatar-1138f92d07e6efc791b8f4dd8d571d53.jpg', 1);
INSERT INTO Student (accountId, studentId, studentName, studentImage, gender) VALUES ('HE176256@fpt.edu.vn','HE176256', N'Hà Việt Hiếu', 'https://this-person-does-not-exist.com/img/avatar-115d62901e31c1ac9074e99736455032.jpg', 1);
INSERT INTO Student (accountId, studentId, studentName, studentImage, gender) VALUES ('HE176715@fpt.edu.vn','HE176715', N'Nguyễn Quang Thắng', 'https://this-person-does-not-exist.com/img/avatar-118909b6b28743ced251b9c1df91f8e6.jpg', 1);
INSERT INTO Student (accountId, studentId, studentName, studentImage, gender) VALUES ('HE176743@fpt.edu.vn','HE176743', N'Trần Tiến Long', 'https://this-person-does-not-exist.com/img/avatar-118909b6b28743ced251b9c1df91f8e6.jpg', 1);
INSERT INTO Student (accountId, studentId, studentName, studentImage, gender) VALUES ('HE176810@fpt.edu.vn','HE176810', N'Nguyễn Hồng Vân', 'https://this-person-does-not-exist.com/img/avatar-116eecf6b7f18903d002a17543210317.jpg', 0);
INSERT INTO Student (accountId, studentId, studentName, studentImage, gender) VALUES ('HE181414@fpt.edu.vn','HE181414', N'Võ Trọng Hải', 'https://this-person-does-not-exist.com/img/avatar-119a6ef18309f490c23562994468d27e.jpg', 0);
INSERT INTO Student (accountId, studentId, studentName, studentImage, gender) VALUES ('HE151390@fpt.edu.vn','HE151390', N'Nguyễn Minh Tú', 'https://this-person-does-not-exist.com/img/avatar-1168915b7bd434abd8c03f720aa99829.jpg', 1);
INSERT INTO Student (accountId, studentId, studentName, studentImage, gender) VALUES ('HE161152@fpt.edu.vn','HE161152', N'Nguyễn Văn Huy', 'https://this-person-does-not-exist.com/img/avatar-1173cdfc0ee32a815d3e2c48a82d28c9.jpg', 1);
INSERT INTO Student (accountId, studentId, studentName, studentImage, gender) VALUES ('HE161165@fpt.edu.vn','HE161165', N'Trần Đức Anh', 'https://this-person-does-not-exist.com/img/avatar-111abebbe45f05454ca5e4e7a9bb67dc.jpg', 1);
INSERT INTO Student (accountId, studentId, studentName, studentImage, gender) VALUES ('HE161181@fpt.edu.vn','HE161181', N'Hoàng Đức Anh', 'https://this-person-does-not-exist.com/img/avatar-112fb35121893d93c5c5dc80715a8184.jpg', 1);
INSERT INTO Student (accountId, studentId, studentName, studentImage, gender) VALUES ('HE163891@fpt.edu.vn','HE163891', N'Nguyễn Đức Minh', 'https://this-person-does-not-exist.com/img/avatar-111f599830de574faa3573919158b296.jpg', 1);
INSERT INTO Student (accountId, studentId, studentName, studentImage, gender) VALUES ('HE164019@fpt.edu.vn','HE164019', N'Bùi Bình Minh', 'https://this-person-does-not-exist.com/img/avatar-112fb35121893d93c5c5dc80715a8184.jpg', 1);
INSERT INTO Student (accountId, studentId, studentName, studentImage, gender) VALUES ('HE170012@fpt.edu.vn','HE170012', N'Nguyễn Cảnh Dương', 'https://this-person-does-not-exist.com/img/avatar-110840a7266343bf716c24aad064b983.jpg', 1);
INSERT INTO Student (accountId, studentId, studentName, studentImage, gender) VALUES ('HE170027@fpt.edu.vn','HE170027', N'Bùi Gia An', 'https://this-person-does-not-exist.com/img/avatar-11b957515f6e09115556086ba6d999b0.jpg', 1);
INSERT INTO Student (accountId, studentId, studentName, studentImage, gender) VALUES ('HE170147@fpt.edu.vn','HE170147', N'Hoàng Đức Duy', 'https://this-person-does-not-exist.com/img/avatar-11191b19b3f57e5fb5edc18715b13a48.jpg', 1);
INSERT INTO Student (accountId, studentId, studentName, studentImage, gender) VALUES ('HE170167@fpt.edu.vn','HE170167', N'Đỗ Anh Sơn', 'https://this-person-does-not-exist.com/img/avatar-115d62901e31c1ac9074e99736455032.jpg', 1);
INSERT INTO Student (accountId, studentId, studentName, studentImage, gender) VALUES ('HE170273@fpt.edu.vn','HE170273', N'Lê Tùng Nguyên', 'https://this-person-does-not-exist.com/img/avatar-11a0b34009c25b9befc0e83ded8a0347.jpg', 1);
INSERT INTO Student (accountId, studentId, studentName, studentImage, gender) VALUES ('HE170301@fpt.edu.vn','HE170301', N'Nguyễn Xuân Thắng', 'https://this-person-does-not-exist.com/img/avatar-11a0b34009c25b9befc0e83ded8a0347.jpg', 1);
INSERT INTO Student (accountId, studentId, studentName, studentImage, gender) VALUES ('HE170415@fpt.edu.vn','HE170415', N'Phạm Đức Quân', 'https://this-person-does-not-exist.com/img/avatar-111028f8ee3158a470545cab18eade67.jpg', 1);
INSERT INTO Student (accountId, studentId, studentName, studentImage, gender) VALUES ('HE170607@fpt.edu.vn','HE170607', N'Hà Duy Khánh', 'https://this-person-does-not-exist.com/img/avatar-11b957515f6e09115556086ba6d999b0.jpg', 1);
INSERT INTO Student (accountId, studentId, studentName, studentImage, gender) VALUES ('HE170622@fpt.edu.vn','HE170622', N'Nguyễn Thành An', 'https://this-person-does-not-exist.com/img/avatar-113a598d44c15f0eb0f70368a7373e9a.jpg', 1);
INSERT INTO Student (accountId, studentId, studentName, studentImage, gender) VALUES ('HE170724@fpt.edu.vn','HE170724', N'Đinh Bảo Ninh', 'https://this-person-does-not-exist.com/img/avatar-11c4f537fefa5268103ec3a0567b3949.jpg', 1);
INSERT INTO Student (accountId, studentId, studentName, studentImage, gender) VALUES ('HE170960@fpt.edu.vn','HE170960', N'Hà Mạnh Đạt', 'https://this-person-does-not-exist.com/img/avatar-110840a7266343bf716c24aad064b983.jpg', 1);
INSERT INTO Student (accountId, studentId, studentName, studentImage, gender) VALUES ('HE170999@fpt.edu.vn','HE170999', N'Nguyễn Phi Tuấn Anh', 'https://this-person-does-not-exist.com/img/avatar-115bdb139f4aaf88cd02d4f795aeee13.jpg', 1);
INSERT INTO Student (accountId, studentId, studentName, studentImage, gender) VALUES ('HE171312@fpt.edu.vn','HE171312', N'Hoàng Chính Minh', 'https://this-person-does-not-exist.com/img/avatar-11aa4f84caa8577a65f6d23830b49649.jpg', 1);
INSERT INTO Student (accountId, studentId, studentName, studentImage, gender) VALUES ('HE171411@fpt.edu.vn','HE171411', N'Đỗ Đắc Thái Dương', 'https://this-person-does-not-exist.com/img/avatar-1117578ba4a783cb8a10f83e24236fc5.jpg', 1);
INSERT INTO Student (accountId, studentId, studentName, studentImage, gender) VALUES ('HE171540@fpt.edu.vn','HE171540', N'Đỗ Văn Thành', 'https://this-person-does-not-exist.com/img/avatar-1131df27cb6136df0b9cfd25d25fcc2f.jpg', 1);
INSERT INTO Student (accountId, studentId, studentName, studentImage, gender) VALUES ('HE171628@fpt.edu.vn','HE171628', N'Nguyễn Tiến Thịnh', 'https://this-person-does-not-exist.com/img/avatar-1131df27cb6136df0b9cfd25d25fcc2f.jpg', 1);
INSERT INTO Student (accountId, studentId, studentName, studentImage, gender) VALUES ('HE172037@fpt.edu.vn','HE172037', N'Nguyễn Vinh Quang', 'https://this-person-does-not-exist.com/img/avatar-1117578ba4a783cb8a10f83e24236fc5.jpg', 1);
INSERT INTO Student (accountId, studentId, studentName, studentImage, gender) VALUES ('HE172748@fpt.edu.vn','HE172748', N'Tạ Ngọc Thanh', 'https://this-person-does-not-exist.com/img/avatar-117ceee2a415ab9eb411bb2af761541d.jpg', 1);
INSERT INTO Student (accountId, studentId, studentName, studentImage, gender) VALUES ('HE172838@fpt.edu.vn','HE172838', N'Vương Viết Nam', 'https://this-person-does-not-exist.com/img/avatar-112fb35121893d93c5c5dc80715a8184.jpg', 1);
INSERT INTO Student (accountId, studentId, studentName, studentImage, gender) VALUES ('HE172848@fpt.edu.vn','HE172848', N'Nguyễn Huy Hoàng', 'https://this-person-does-not-exist.com/img/avatar-11c8c65e0b5af16c83f228004b08eedb.jpg', 1);
INSERT INTO Student (accountId, studentId, studentName, studentImage, gender) VALUES ('HE173248@fpt.edu.vn','HE173248', N'Trần Bảo Linh', 'https://this-person-does-not-exist.com/img/avatar-11ae671ba29f0d0ba5fbeab5502aaadb.jpg', 1);
INSERT INTO Student (accountId, studentId, studentName, studentImage, gender) VALUES ('HE173588@fpt.edu.vn','HE173588', N'Lương Thanh Cường', 'https://this-person-does-not-exist.com/img/avatar-1173cdfc0ee32a815d3e2c48a82d28c9.jpg', 1);
INSERT INTO Student (accountId, studentId, studentName, studentImage, gender) VALUES ('HE176077@fpt.edu.vn','HE176077', N'Đoàn Thành Chung', 'https://this-person-does-not-exist.com/img/avatar-1138f92d07e6efc791b8f4dd8d571d53.jpg', 1);
INSERT INTO Student (accountId, studentId, studentName, studentImage, gender) VALUES ('HE176087@fpt.edu.vn','HE176087', N'Trịnh Ngọc Thái', 'https://this-person-does-not-exist.com/img/avatar-11a0c5d97f8a62569154a84a6c2594d4.jpg', 1);
INSERT INTO Student (accountId, studentId, studentName, studentImage, gender) VALUES ('HE176169@fpt.edu.vn','HE176169', N'Vũ Huy Hoàng', 'https://this-person-does-not-exist.com/img/avatar-11a0b34009c25b9befc0e83ded8a0347.jpg', 1);
INSERT INTO Student (accountId, studentId, studentName, studentImage, gender) VALUES ('HE176420@fpt.edu.vn','HE176420', N'Nguyễn Thị Tú Bình', 'https://this-person-does-not-exist.com/img/avatar-115ec8b9f8a95078451d0c6cdceb3814.jpg', 0);
INSERT INTO Student (accountId, studentId, studentName, studentImage, gender) VALUES ('HE176882@fpt.edu.vn','HE176882', N'Nguyễn Đình Phương Nam', 'https://this-person-does-not-exist.com/img/avatar-1158a4dd544d7d273e320fa4e053d1e0.jpg', 1);
INSERT INTO Student (accountId, studentId, studentName, studentImage, gender) VALUES ('HE161285@fpt.edu.vn','HE161285', N'Lèng Đức Tiến', 'https://this-person-does-not-exist.com/img/avatar-116eefa413d798cbb06d29be36a2d5f8.jpg', 1);
INSERT INTO Student (accountId, studentId, studentName, studentImage, gender) VALUES ('HE161816@fpt.edu.vn','HE161816', N'Dương Minh Đức', 'https://this-person-does-not-exist.com/img/avatar-115d2b559c4ed3d3ec5fb725ef1ed449.jpg', 1);
INSERT INTO Student (accountId, studentId, studentName, studentImage, gender) VALUES ('HE163067@fpt.edu.vn','HE163067', N'Lê Đức Mạnh', 'https://this-person-does-not-exist.com/img/avatar-116685ff173b4353231f8a1a18a1e8d9.jpg', 1);
INSERT INTO Student (accountId, studentId, studentName, studentImage, gender) VALUES ('HE170011@fpt.edu.vn','HE170011', N'Trần Hữu Thái', 'https://this-person-does-not-exist.com/img/avatar-113a598d44c15f0eb0f70368a7373e9a.jpg', 1);
INSERT INTO Student (accountId, studentId, studentName, studentImage, gender) VALUES ('HE170631@fpt.edu.vn','HE170631', N'Vũ Tiến Đức', 'https://this-person-does-not-exist.com/img/avatar-1158a4dd544d7d273e320fa4e053d1e0.jpg', 1);
INSERT INTO Student (accountId, studentId, studentName, studentImage, gender) VALUES ('HE170685@fpt.edu.vn','HE170685', N'Khổng Mạnh Phúc', 'https://this-person-does-not-exist.com/img/avatar-1117578ba4a783cb8a10f83e24236fc5.jpg', 1);
INSERT INTO Student (accountId, studentId, studentName, studentImage, gender) VALUES ('HE170793@fpt.edu.vn','HE170793', N'Phan Việt Phương', 'https://this-person-does-not-exist.com/img/avatar-114827f43d2761b9bf058c8c37e7e1ef.jpg', 1);
INSERT INTO Student (accountId, studentId, studentName, studentImage, gender) VALUES ('HE171358@fpt.edu.vn','HE171358', N'Nguyễn Quang Sự', 'https://this-person-does-not-exist.com/img/avatar-1143eedea9925ced03a18fd71625a895.jpg', 1);
INSERT INTO Student (accountId, studentId, studentName, studentImage, gender) VALUES ('HE171394@fpt.edu.vn','HE171394', N'Phạm Quốc Huy', 'https://this-person-does-not-exist.com/img/avatar-11581b50c499c0e8ad3022519d08daf2.jpg', 1);
INSERT INTO Student (accountId, studentId, studentName, studentImage, gender) VALUES ('HE171421@fpt.edu.vn','HE171421', N'Trương Mậu Dương', 'https://this-person-does-not-exist.com/img/avatar-117883e0be938aab4da840eee3764a11.jpg', 0);
INSERT INTO Student (accountId, studentId, studentName, studentImage, gender) VALUES ('HE171552@fpt.edu.vn','HE171552', N'Đàm Nguyễn Phi', 'https://this-person-does-not-exist.com/img/avatar-116363af3a77454c9cfaba257c9b3511.jpg', 1);
INSERT INTO Student (accountId, studentId, studentName, studentImage, gender) VALUES ('HE171908@fpt.edu.vn','HE171908', N'Lưu Công Thành', 'https://this-person-does-not-exist.com/img/avatar-1158a4dd544d7d273e320fa4e053d1e0.jpg', 1);
INSERT INTO Student (accountId, studentId, studentName, studentImage, gender) VALUES ('HE171915@fpt.edu.vn','HE171915', N'Nguyễn Sỹ Quang Anh', 'https://this-person-does-not-exist.com/img/avatar-111f599830de574faa3573919158b296.jpg', 1);
INSERT INTO Student (accountId, studentId, studentName, studentImage, gender) VALUES ('HE171916@fpt.edu.vn','HE171916', N'Nguyễn Quang Vinh', 'https://this-person-does-not-exist.com/img/avatar-119a6ef18309f490c23562994468d27e.jpg', 1);
INSERT INTO Student (accountId, studentId, studentName, studentImage, gender) VALUES ('HE171990@fpt.edu.vn','HE171990', N'Ma Quốc Anh', 'https://this-person-does-not-exist.com/img/avatar-115d62901e31c1ac9074e99736455032.jpg', 1);
INSERT INTO Student (accountId, studentId, studentName, studentImage, gender) VALUES ('HE172180@fpt.edu.vn','HE172180', N'Đoàn Quang Huy', 'https://this-person-does-not-exist.com/img/avatar-1173cdfc0ee32a815d3e2c48a82d28c9.jpg', 1);
INSERT INTO Student (accountId, studentId, studentName, studentImage, gender) VALUES ('HE172280@fpt.edu.vn','HE172280', N'Nguyễn Thế Vinh', 'https://this-person-does-not-exist.com/img/avatar-113032139ca1541c168ba860ddfb53ec.jpg', 1);
INSERT INTO Student (accountId, studentId, studentName, studentImage, gender) VALUES ('HE172313@fpt.edu.vn','HE172313', N'Lê Việt Nam', 'https://this-person-does-not-exist.com/img/avatar-115d9eff87d3c63160b02ae2f1681775.jpg', 1);
INSERT INTO Student (accountId, studentId, studentName, studentImage, gender) VALUES ('HE172435@fpt.edu.vn','HE172435', N'Bùi Đức Tuấn', 'https://this-person-does-not-exist.com/img/avatar-114827f43d2761b9bf058c8c37e7e1ef.jpg', 1);
INSERT INTO Student (accountId, studentId, studentName, studentImage, gender) VALUES ('HE172527@fpt.edu.vn','HE172527', N'Lê Mạnh Tiến', 'https://this-person-does-not-exist.com/img/avatar-115f3446fb71b08860242554235d9729.jpg', 1);
INSERT INTO Student (accountId, studentId, studentName, studentImage, gender) VALUES ('HE172538@fpt.edu.vn','HE172538', N'Vũ Văn Quang', 'https://this-person-does-not-exist.com/img/avatar-11c8c65e0b5af16c83f228004b08eedb.jpg', 1);
INSERT INTO Student (accountId, studentId, studentName, studentImage, gender) VALUES ('HE172702@fpt.edu.vn','HE172702', N'Đỗ Quyết Thắng', 'https://this-person-does-not-exist.com/img/avatar-110f80fec65b00a630d729dc84a64b97.jpg', 1);
INSERT INTO Student (accountId, studentId, studentName, studentImage, gender) VALUES ('HE172737@fpt.edu.vn','HE172737', N'Lê Thị Hoà', 'https://this-person-does-not-exist.com/img/avatar-11191b19b3f57e5fb5edc18715b13a48.jpg', 0);
INSERT INTO Student (accountId, studentId, studentName, studentImage, gender) VALUES ('HE173401@fpt.edu.vn','HE173401', N'Tạ Trường Giang', 'https://this-person-does-not-exist.com/img/avatar-110840a7266343bf716c24aad064b983.jpg', 1);
INSERT INTO Student (accountId, studentId, studentName, studentImage, gender) VALUES ('HE173457@fpt.edu.vn','HE173457', N'Phạm Bùi Quang Huy', 'https://this-person-does-not-exist.com/img/avatar-1110fac4f4e13377eac82b936fbb8682.jpg', 1);
INSERT INTO Student (accountId, studentId, studentName, studentImage, gender) VALUES ('HE176211@fpt.edu.vn','HE176211', N'Đỗ Trí Quân', 'https://this-person-does-not-exist.com/img/avatar-115f3446fb71b08860242554235d9729.jpg', 1);
INSERT INTO Student (accountId, studentId, studentName, studentImage, gender) VALUES ('HE176279@fpt.edu.vn','HE176279', N'Vũ Nguyễn Tùng Lâm', 'https://this-person-does-not-exist.com/img/avatar-117883e0be938aab4da840eee3764a11.jpg', 1);
INSERT INTO Student (accountId, studentId, studentName, studentImage, gender) VALUES ('HE176633@fpt.edu.vn','HE176633', N'Phạm Đức Long', 'https://this-person-does-not-exist.com/img/avatar-110840a7266343bf716c24aad064b983.jpg', 1);
INSERT INTO Student (accountId, studentId, studentName, studentImage, gender) VALUES ('HE176747@fpt.edu.vn','HE176747', N'Đinh Huy Hiệp', 'https://this-person-does-not-exist.com/img/avatar-111028f8ee3158a470545cab18eade67.jpg', 1);
INSERT INTO Student (accountId, studentId, studentName, studentImage, gender) VALUES ('HE150732@fpt.edu.vn','HE150732', N'Bùi Hoàng Lâm', 'https://this-person-does-not-exist.com/img/avatar-11776c74f1a9ca3217a2a2fdae66f372.jpg', 1);
INSERT INTO Student (accountId, studentId, studentName, studentImage, gender) VALUES ('HE150998@fpt.edu.vn','HE150998', N'Bùi Bình Minh', 'https://this-person-does-not-exist.com/img/avatar-1117578ba4a783cb8a10f83e24236fc5.jpg', 1);
INSERT INTO Student (accountId, studentId, studentName, studentImage, gender) VALUES ('HE161224@fpt.edu.vn','HE161224', N'Phạm Văn Khiêm', 'https://this-person-does-not-exist.com/img/avatar-113716d1ffc366bda2f896103828319a.jpg', 1);
INSERT INTO Student (accountId, studentId, studentName, studentImage, gender) VALUES ('HE161597@fpt.edu.vn','HE161597', N'Phạm Trọng Thiện', 'https://this-person-does-not-exist.com/img/avatar-114827f43d2761b9bf058c8c37e7e1ef.jpg', 1);
INSERT INTO Student (accountId, studentId, studentName, studentImage, gender) VALUES ('HE163629@fpt.edu.vn','HE163629', N'Lê Viết Hưng', 'https://this-person-does-not-exist.com/img/avatar-113a598d44c15f0eb0f70368a7373e9a.jpg', 1);
INSERT INTO Student (accountId, studentId, studentName, studentImage, gender) VALUES ('HE170089@fpt.edu.vn','HE170089', N'Trịnh Anh Vũ', 'https://this-person-does-not-exist.com/img/avatar-110f80fec65b00a630d729dc84a64b97.jpg', 1);
INSERT INTO Student (accountId, studentId, studentName, studentImage, gender) VALUES ('HE170262@fpt.edu.vn','HE170262', N'Nguyễn Thế Mạnh', 'https://this-person-does-not-exist.com/img/avatar-11c93f9016b9da990e42f120668be178.jpg', 1);
INSERT INTO Student (accountId, studentId, studentName, studentImage, gender) VALUES ('HE170318@fpt.edu.vn','HE170318', N'Nguyễn Đăng Nam', 'https://this-person-does-not-exist.com/img/avatar-11b957515f6e09115556086ba6d999b0.jpg', 1);
INSERT INTO Student (accountId, studentId, studentName, studentImage, gender) VALUES ('HE170416@fpt.edu.vn','HE170416', N'Nguyễn Hoàng Ngọc', 'https://this-person-does-not-exist.com/img/avatar-116eecf6b7f18903d002a17543210317.jpg', 1);
INSERT INTO Student (accountId, studentId, studentName, studentImage, gender) VALUES ('HE171285@fpt.edu.vn','HE171285', N'Bùi Tiến Minh', 'https://this-person-does-not-exist.com/img/avatar-11619a77ee2b45ce6da584d7303edd46.jpg', 1);
INSERT INTO Student (accountId, studentId, studentName, studentImage, gender) VALUES ('HE171377@fpt.edu.vn','HE171377', N'Trần Văn Đông', 'https://this-person-does-not-exist.com/img/avatar-11a0c5d97f8a62569154a84a6c2594d4.jpg', 1);
INSERT INTO Student (accountId, studentId, studentName, studentImage, gender) VALUES ('HE171511@fpt.edu.vn','HE171511', N'Nguyễn Hoàng Hùng', 'https://this-person-does-not-exist.com/img/avatar-111d8eaa0f2b7ac20fc9957cdd14fad1.jpg', 1);
INSERT INTO Student (accountId, studentId, studentName, studentImage, gender) VALUES ('HE171558@fpt.edu.vn','HE171558', N'Nguyễn Thị Thương', 'https://this-person-does-not-exist.com/img/avatar-116d2f56baf9d79cc4300b5fe7bfe295.jpg', 0);
INSERT INTO Student (accountId, studentId, studentName, studentImage, gender) VALUES ('HE171827@fpt.edu.vn','HE171827', N'Nguyễn Thu Phương', 'https://this-person-does-not-exist.com/img/avatar-115bdb139f4aaf88cd02d4f795aeee13.jpg', 0);
INSERT INTO Student (accountId, studentId, studentName, studentImage, gender) VALUES ('HE172058@fpt.edu.vn','HE172058', N'Phạm Anh Tú', 'https://this-person-does-not-exist.com/img/avatar-113a598d44c15f0eb0f70368a7373e9a.jpg', 1);
INSERT INTO Student (accountId, studentId, studentName, studentImage, gender) VALUES ('HE172063@fpt.edu.vn','HE172063', N'Phạm Hải Huy', 'https://this-person-does-not-exist.com/img/avatar-1110fac4f4e13377eac82b936fbb8682.jpg', 1);
INSERT INTO Student (accountId, studentId, studentName, studentImage, gender) VALUES ('HE172083@fpt.edu.vn','HE172083', N'Trần Hoàng Anh', 'https://this-person-does-not-exist.com/img/avatar-113d00a6aa5b72949fa4d77a47b639cd.jpg', 1);
INSERT INTO Student (accountId, studentId, studentName, studentImage, gender) VALUES ('HE172084@fpt.edu.vn','HE172084', N'Đặng Quốc Việt', 'https://this-person-does-not-exist.com/img/avatar-113d00a6aa5b72949fa4d77a47b639cd.jpg', 1);
INSERT INTO Student (accountId, studentId, studentName, studentImage, gender) VALUES ('HE172163@fpt.edu.vn','HE172163', N'Phạm Anh Tùng', 'https://this-person-does-not-exist.com/img/avatar-11619a77ee2b45ce6da584d7303edd46.jpg', 1);
INSERT INTO Student (accountId, studentId, studentName, studentImage, gender) VALUES ('HE172262@fpt.edu.vn','HE172262', N'Vũ Thủy Phong', 'https://this-person-does-not-exist.com/img/avatar-11bbeedf52cb384338ef6806998587c0.jpg', 1);
INSERT INTO Student (accountId, studentId, studentName, studentImage, gender) VALUES ('HE172386@fpt.edu.vn','HE172386', N'Nguyễn Mai Anh', 'https://this-person-does-not-exist.com/img/avatar-117ceee2a415ab9eb411bb2af761541d.jpg', 0);
INSERT INTO Student (accountId, studentId, studentName, studentImage, gender) VALUES ('HE172398@fpt.edu.vn','HE172398', N'Lưu Lan Quỳnh Trang', 'https://this-person-does-not-exist.com/img/avatar-113d00a6aa5b72949fa4d77a47b639cd.jpg', 0);
INSERT INTO Student (accountId, studentId, studentName, studentImage, gender) VALUES ('HE172460@fpt.edu.vn','HE172460', N'Nguyễn Tiến Dương', 'https://this-person-does-not-exist.com/img/avatar-113d00a6aa5b72949fa4d77a47b639cd.jpg', 1);
INSERT INTO Student (accountId, studentId, studentName, studentImage, gender) VALUES ('HE172467@fpt.edu.vn','HE172467', N'Đào Minh Đức', 'https://this-person-does-not-exist.com/img/avatar-1100de5d408c11da2525ac05aa83926f.jpg', 1);
INSERT INTO Student (accountId, studentId, studentName, studentImage, gender) VALUES ('HE172568@fpt.edu.vn','HE172568', N'Nguyễn Thị Hương', 'https://this-person-does-not-exist.com/img/avatar-115f3446fb71b08860242554235d9729.jpg', 0);
INSERT INTO Student (accountId, studentId, studentName, studentImage, gender) VALUES ('HE172610@fpt.edu.vn','HE172610', N'Phạm Minh Lượng', 'https://this-person-does-not-exist.com/img/avatar-110840a7266343bf716c24aad064b983.jpg', 1);
INSERT INTO Student (accountId, studentId, studentName, studentImage, gender) VALUES ('HE172717@fpt.edu.vn','HE172717', N'Nguyễn Hoàng Nguyệt Minh', 'https://this-person-does-not-exist.com/img/avatar-1168915b7bd434abd8c03f720aa99829.jpg', 1);
INSERT INTO Student (accountId, studentId, studentName, studentImage, gender) VALUES ('HE172787@fpt.edu.vn','HE172787', N'Đỗ Việt Thắng', 'https://this-person-does-not-exist.com/img/avatar-115f3446fb71b08860242554235d9729.jpg', 1);
INSERT INTO Student (accountId, studentId, studentName, studentImage, gender) VALUES ('HE172851@fpt.edu.vn','HE172851', N'Đồng Đức Quốc Huy', 'https://this-person-does-not-exist.com/img/avatar-1110fac4f4e13377eac82b936fbb8682.jpg', 1);
INSERT INTO Student (accountId, studentId, studentName, studentImage, gender) VALUES ('HS171380@fpt.edu.vn','HS171380', N'Lê Thị Ngọc Nên', 'https://this-person-does-not-exist.com/img/avatar-1140cfd5baff35fac6151e697d74a3c3.jpg', 0);
INSERT INTO Student (accountId, studentId, studentName, studentImage, gender) VALUES ('HE161302@fpt.edu.vn','HE161302', N'Nguyễn Quốc Tiến', 'https://this-person-does-not-exist.com/img/avatar-113846ad9d976d4c4571875f9ea5213e.jpg', 1);
INSERT INTO Student (accountId, studentId, studentName, studentImage, gender) VALUES ('HE163675@fpt.edu.vn','HE163675', N'Đỗ Anh Tú', 'https://this-person-does-not-exist.com/img/avatar-119a6ef18309f490c23562994468d27e.jpg', 1);
INSERT INTO Student (accountId, studentId, studentName, studentImage, gender) VALUES ('HE170059@fpt.edu.vn','HE170059', N'Nguyễn Tấn Đạt', 'https://this-person-does-not-exist.com/img/avatar-11c30e131652deda37ead35b616ba443.jpg', 1);
INSERT INTO Student (accountId, studentId, studentName, studentImage, gender) VALUES ('HE170141@fpt.edu.vn','HE170141', N'Nguyễn Viết Nam', 'https://this-person-does-not-exist.com/img/avatar-11a0b34009c25b9befc0e83ded8a0347.jpg', 1);
INSERT INTO Student (accountId, studentId, studentName, studentImage, gender) VALUES ('HE170176@fpt.edu.vn','HE170176', N'Lã Tùng Dương', 'https://this-person-does-not-exist.com/img/avatar-11a0b34009c25b9befc0e83ded8a0347.jpg', 1);
INSERT INTO Student (accountId, studentId, studentName, studentImage, gender) VALUES ('HE170481@fpt.edu.vn','HE170481', N'Lương Quang Vũ', 'https://this-person-does-not-exist.com/img/avatar-115f3446fb71b08860242554235d9729.jpg', 1);
INSERT INTO Student (accountId, studentId, studentName, studentImage, gender) VALUES ('HE170646@fpt.edu.vn','HE170646', N'Mạc Đức Khương', 'https://this-person-does-not-exist.com/img/avatar-113846ad9d976d4c4571875f9ea5213e.jpg', 1);
INSERT INTO Student (accountId, studentId, studentName, studentImage, gender) VALUES ('HE170662@fpt.edu.vn','HE170662', N'Nguyễn Huy Hoàng', 'https://this-person-does-not-exist.com/img/avatar-113716d1ffc366bda2f896103828319a.jpg', 1);
INSERT INTO Student (accountId, studentId, studentName, studentImage, gender) VALUES ('HE170738@fpt.edu.vn','HE170738', N'Đoàn Tăng Kiên', 'https://this-person-does-not-exist.com/img/avatar-11aa4f84caa8577a65f6d23830b49649.jpg', 1);
INSERT INTO Student (accountId, studentId, studentName, studentImage, gender) VALUES ('HE170800@fpt.edu.vn','HE170800', N'Nguyễn Đức Anh', 'https://this-person-does-not-exist.com/img/avatar-11a0c5d97f8a62569154a84a6c2594d4.jpg', 1);
INSERT INTO Student (accountId, studentId, studentName, studentImage, gender) VALUES ('HE170827@fpt.edu.vn','HE170827', N'Nguyễn Đình Khánh', 'https://this-person-does-not-exist.com/img/avatar-112a3a2e41f761f03c2d5d5713812499.jpg', 1);
INSERT INTO Student (accountId, studentId, studentName, studentImage, gender) VALUES ('HE170995@fpt.edu.vn','HE170995', N'Phan Hoàng An', 'https://this-person-does-not-exist.com/img/avatar-1140cfd5baff35fac6151e697d74a3c3.jpg', 1);
INSERT INTO Student (accountId, studentId, studentName, studentImage, gender) VALUES ('HE171110@fpt.edu.vn','HE171110', N'Phạm Minh Phúc', 'https://this-person-does-not-exist.com/img/avatar-115f3446fb71b08860242554235d9729.jpg', 1);
INSERT INTO Student (accountId, studentId, studentName, studentImage, gender) VALUES ('HE171364@fpt.edu.vn','HE171364', N'Nguyễn Bá Hà', 'https://this-person-does-not-exist.com/img/avatar-115d2b559c4ed3d3ec5fb725ef1ed449.jpg', 1);
INSERT INTO Student (accountId, studentId, studentName, studentImage, gender) VALUES ('HE171534@fpt.edu.vn','HE171534', N'Nguyễn Văn Đạt', 'https://this-person-does-not-exist.com/img/avatar-116d2f56baf9d79cc4300b5fe7bfe295.jpg', 1);
INSERT INTO Student (accountId, studentId, studentName, studentImage, gender) VALUES ('HE172014@fpt.edu.vn','HE172014', N'Vũ Quang Huy', 'https://this-person-does-not-exist.com/img/avatar-11a0c5d97f8a62569154a84a6c2594d4.jpg', 1);
INSERT INTO Student (accountId, studentId, studentName, studentImage, gender) VALUES ('HE172264@fpt.edu.vn','HE172264', N'Đặng Công Hùng', 'https://this-person-does-not-exist.com/img/avatar-112fb35121893d93c5c5dc80715a8184.jpg', 1);
INSERT INTO Student (accountId, studentId, studentName, studentImage, gender) VALUES ('HE172372@fpt.edu.vn','HE172372', N'Nguyễn Trung Kiên', 'https://this-person-does-not-exist.com/img/avatar-118010e79ff7f0ef0a2e08cdfced6f92.jpg', 1);
INSERT INTO Student (accountId, studentId, studentName, studentImage, gender) VALUES ('HE172701@fpt.edu.vn','HE172701', N'Lê Mạnh Cường', 'https://this-person-does-not-exist.com/img/avatar-1110fac4f4e13377eac82b936fbb8682.jpg', 1);
INSERT INTO Student (accountId, studentId, studentName, studentImage, gender) VALUES ('HE172726@fpt.edu.vn','HE172726', N'Nguyễn Minh Dũng', 'https://this-person-does-not-exist.com/img/avatar-110840a7266343bf716c24aad064b983.jpg', 1);
INSERT INTO Student (accountId, studentId, studentName, studentImage, gender) VALUES ('HE173209@fpt.edu.vn','HE173209', N'Nguyễn Hữu Tùng Dương', 'https://this-person-does-not-exist.com/img/avatar-112fb35121893d93c5c5dc80715a8184.jpg', 1);
INSERT INTO Student (accountId, studentId, studentName, studentImage, gender) VALUES ('HE173235@fpt.edu.vn','HE173235', N'Vũ Phương Nam', 'https://this-person-does-not-exist.com/img/avatar-116685ff173b4353231f8a1a18a1e8d9.jpg', 1);
INSERT INTO Student (accountId, studentId, studentName, studentImage, gender) VALUES ('HE176292@fpt.edu.vn','HE176292', N'Trịnh Đức Thắng', 'https://this-person-does-not-exist.com/img/avatar-11a0b34009c25b9befc0e83ded8a0347.jpg', 1);
INSERT INTO Student (accountId, studentId, studentName, studentImage, gender) VALUES ('HE176767@fpt.edu.vn','HE176767', N'Hoàng Việt Đức', 'https://this-person-does-not-exist.com/img/avatar-114827f43d2761b9bf058c8c37e7e1ef.jpg', 1);
INSERT INTO Student (accountId, studentId, studentName, studentImage, gender) VALUES ('HE180542@fpt.edu.vn','HE180542', N'Ngô Duy Hoàng', 'https://this-person-does-not-exist.com/img/avatar-1110221316cef4327ba5df6257c83bc3.jpg', 1);
INSERT INTO Student (accountId, studentId, studentName, studentImage, gender) VALUES ('HE181024@fpt.edu.vn','HE181024', N'Đỗ Văn Nam Khánh', 'https://this-person-does-not-exist.com/img/avatar-11a0b34009c25b9befc0e83ded8a0347.jpg', 1);
INSERT INTO Student (accountId, studentId, studentName, studentImage, gender) VALUES ('HE181266@fpt.edu.vn','HE181266', N'Vũ Lê Anh', 'https://this-person-does-not-exist.com/img/avatar-11581b50c499c0e8ad3022519d08daf2.jpg', 0);
INSERT INTO Student (accountId, studentId, studentName, studentImage, gender) VALUES ('HE182276@fpt.edu.vn','HE182276', N'Nguyễn Quang Anh', 'https://this-person-does-not-exist.com/img/avatar-1140cfd5baff35fac6151e697d74a3c3.jpg', 1);
INSERT INTO Student (accountId, studentId, studentName, studentImage, gender) VALUES ('HE187276@fpt.edu.vn','HE187276', N'Hoàng Phương Nam', 'https://this-person-does-not-exist.com/img/avatar-11aa4f84caa8577a65f6d23830b49649.jpg', 1);
INSERT INTO Student (accountId, studentId, studentName, studentImage, gender) VALUES ('HE150271@fpt.edu.vn','HE150271', N'Đào Xuân Phương', 'https://this-person-does-not-exist.com/img/avatar-11a0c5d97f8a62569154a84a6c2594d4.jpg', 1);
INSERT INTO Student (accountId, studentId, studentName, studentImage, gender) VALUES ('HE150862@fpt.edu.vn','HE150862', N'Phạm Tiến Đạt', 'https://this-person-does-not-exist.com/img/avatar-11c30e131652deda37ead35b616ba443.jpg', 1);
INSERT INTO Student (accountId, studentId, studentName, studentImage, gender) VALUES ('HE153487@fpt.edu.vn','HE153487', N'Trịnh Bá Hiếu', 'https://this-person-does-not-exist.com/img/avatar-118010e79ff7f0ef0a2e08cdfced6f92.jpg', 1);
INSERT INTO Student (accountId, studentId, studentName, studentImage, gender) VALUES ('HE160021@fpt.edu.vn','HE160021', N'Nguyễn Đình Sơn', 'https://this-person-does-not-exist.com/img/avatar-113716d1ffc366bda2f896103828319a.jpg', 1);
INSERT INTO Student (accountId, studentId, studentName, studentImage, gender) VALUES ('HE160120@fpt.edu.vn','HE160120', N'Nguyễn Thế Tùng', 'https://this-person-does-not-exist.com/img/avatar-1158a4dd544d7d273e320fa4e053d1e0.jpg', 1);
INSERT INTO Student (accountId, studentId, studentName, studentImage, gender) VALUES ('HE160277@fpt.edu.vn','HE160277', N'Nguyễn Chí Thành', 'https://this-person-does-not-exist.com/img/avatar-1158a4dd544d7d273e320fa4e053d1e0.jpg', 1);
INSERT INTO Student (accountId, studentId, studentName, studentImage, gender) VALUES ('HE160533@fpt.edu.vn','HE160533', N'Nguyễn Quang Minh', 'https://this-person-does-not-exist.com/img/avatar-11a0b34009c25b9befc0e83ded8a0347.jpg', 1);
INSERT INTO Student (accountId, studentId, studentName, studentImage, gender) VALUES ('HE160623@fpt.edu.vn','HE160623', N'Đinh Quang Thành', 'https://this-person-does-not-exist.com/img/avatar-11688247094d44475db367c927eb8a0a.jpg', 1);
INSERT INTO Student (accountId, studentId, studentName, studentImage, gender) VALUES ('HE160639@fpt.edu.vn','HE160639', N'Nguyễn Thị An', 'https://this-person-does-not-exist.com/img/avatar-115ec8b9f8a95078451d0c6cdceb3814.jpg', 0);
INSERT INTO Student (accountId, studentId, studentName, studentImage, gender) VALUES ('HE160854@fpt.edu.vn','HE160854', N'Nguyễn Tuấn Đức', 'https://this-person-does-not-exist.com/img/avatar-1100de5d408c11da2525ac05aa83926f.jpg', 1);
INSERT INTO Student (accountId, studentId, studentName, studentImage, gender) VALUES ('HE160866@fpt.edu.vn','HE160866', N'Vũ Đức Huy', 'https://this-person-does-not-exist.com/img/avatar-116eefa413d798cbb06d29be36a2d5f8.jpg', 1);
INSERT INTO Student (accountId, studentId, studentName, studentImage, gender) VALUES ('HE160929@fpt.edu.vn','HE160929', N'Bùi Việt Anh', 'https://this-person-does-not-exist.com/img/avatar-111d8eaa0f2b7ac20fc9957cdd14fad1.jpg', 1);
INSERT INTO Student (accountId, studentId, studentName, studentImage, gender) VALUES ('HE160982@fpt.edu.vn','HE160982', N'Vũ Văn Tuấn', 'https://this-person-does-not-exist.com/img/avatar-11191b19b3f57e5fb5edc18715b13a48.jpg', 1);
INSERT INTO Student (accountId, studentId, studentName, studentImage, gender) VALUES ('HE161234@fpt.edu.vn','HE161234', N'Hoàng Đức Việt', 'https://this-person-does-not-exist.com/img/avatar-1140cfd5baff35fac6151e697d74a3c3.jpg', 1);
INSERT INTO Student (accountId, studentId, studentName, studentImage, gender) VALUES ('HE161475@fpt.edu.vn','HE161475', N'Vũ Thị Hà', 'https://this-person-does-not-exist.com/img/avatar-111f599830de574faa3573919158b296.jpg', 0);
INSERT INTO Student (accountId, studentId, studentName, studentImage, gender) VALUES ('HE163040@fpt.edu.vn','HE163040', N'Trần Gia Bảo', 'https://this-person-does-not-exist.com/img/avatar-11a0c5d97f8a62569154a84a6c2594d4.jpg', 1);
INSERT INTO Student (accountId, studentId, studentName, studentImage, gender) VALUES ('HE163063@fpt.edu.vn','HE163063', N'Nguyễn Đức Thắng', 'https://this-person-does-not-exist.com/img/avatar-11776c74f1a9ca3217a2a2fdae66f372.jpg', 1);
INSERT INTO Student (accountId, studentId, studentName, studentImage, gender) VALUES ('HE163083@fpt.edu.vn','HE163083', N'Nguyễn Hoàng Anh', 'https://this-person-does-not-exist.com/img/avatar-115d2b559c4ed3d3ec5fb725ef1ed449.jpg', 0);
INSERT INTO Student (accountId, studentId, studentName, studentImage, gender) VALUES ('HE163158@fpt.edu.vn','HE163158', N'Nguyễn Đức Huy', 'https://this-person-does-not-exist.com/img/avatar-11776c74f1a9ca3217a2a2fdae66f372.jpg', 1);
INSERT INTO Student (accountId, studentId, studentName, studentImage, gender) VALUES ('HE163166@fpt.edu.vn','HE163166', N'Nguyễn Quang Vinh', 'https://this-person-does-not-exist.com/img/avatar-1140cfd5baff35fac6151e697d74a3c3.jpg', 1);
INSERT INTO Student (accountId, studentId, studentName, studentImage, gender) VALUES ('HE163193@fpt.edu.vn','HE163193', N'Lê Duy Cương', 'https://this-person-does-not-exist.com/img/avatar-115bdb139f4aaf88cd02d4f795aeee13.jpg', 1);
INSERT INTO Student (accountId, studentId, studentName, studentImage, gender) VALUES ('HE163249@fpt.edu.vn','HE163249', N'Lê Hoàng Thái', 'https://this-person-does-not-exist.com/img/avatar-111028f8ee3158a470545cab18eade67.jpg', 1);
INSERT INTO Student (accountId, studentId, studentName, studentImage, gender) VALUES ('HE163283@fpt.edu.vn','HE163283', N'Nguyễn Hoàng Hiếu', 'https://this-person-does-not-exist.com/img/avatar-111abebbe45f05454ca5e4e7a9bb67dc.jpg', 1);
INSERT INTO Student (accountId, studentId, studentName, studentImage, gender) VALUES ('HE163359@fpt.edu.vn','HE163359', N'Nguyễn Trường Sơn', 'https://this-person-does-not-exist.com/img/avatar-11b957515f6e09115556086ba6d999b0.jpg', 1);
INSERT INTO Student (accountId, studentId, studentName, studentImage, gender) VALUES ('HE163397@fpt.edu.vn','HE163397', N'Lê Hoàng Vũ', 'https://this-person-does-not-exist.com/img/avatar-11581b50c499c0e8ad3022519d08daf2.jpg', 1);
INSERT INTO Student (accountId, studentId, studentName, studentImage, gender) VALUES ('HE163500@fpt.edu.vn','HE163500', N'Lê Tuấn Đức', 'https://this-person-does-not-exist.com/img/avatar-11b957515f6e09115556086ba6d999b0.jpg', 1);
INSERT INTO Student (accountId, studentId, studentName, studentImage, gender) VALUES ('HE163639@fpt.edu.vn','HE163639', N'Nguyễn Khánh Toàn', 'https://this-person-does-not-exist.com/img/avatar-116d2f56baf9d79cc4300b5fe7bfe295.jpg', 1);
INSERT INTO Student (accountId, studentId, studentName, studentImage, gender) VALUES ('HE163653@fpt.edu.vn','HE163653', N'Vũ Duy Hưng', 'https://this-person-does-not-exist.com/img/avatar-111028f8ee3158a470545cab18eade67.jpg', 1);
INSERT INTO Student (accountId, studentId, studentName, studentImage, gender) VALUES ('HE163774@fpt.edu.vn','HE163774', N'Phạm Tiến Vinh', 'https://this-person-does-not-exist.com/img/avatar-115f3446fb71b08860242554235d9729.jpg', 1);
INSERT INTO Student (accountId, studentId, studentName, studentImage, gender) VALUES ('HE163906@fpt.edu.vn','HE163906', N'Đặng Phú Hải', 'https://this-person-does-not-exist.com/img/avatar-11619a77ee2b45ce6da584d7303edd46.jpg', 1);



INSERT INTO Instructor (instructorId, instructorName, accountId, gender) VALUES ('sonnt5', N'Ngô Tùng Sơn', 'sonnt5@fpt.edu.vn', 1);
INSERT INTO Instructor (instructorId, instructorName, accountId, gender) VALUES ('thangnv75', N'Nguyễn Văn Thắng','thangnv75@fpt.edu.vn', 1);
INSERT INTO Instructor (instructorId, instructorName, accountId, gender) VALUES ('tientd17', N'Tạ Đình Tiến','tientd17@fpt.edu.vn', 1);
INSERT INTO Instructor (instructorId, instructorName, accountId, gender) VALUES ('trungnt', N'Nguyễn Thành Trung','trungnt@fpt.edu.vn', 1);
INSERT INTO Instructor (instructorId, instructorName, accountId, gender) VALUES ('yennth126', N'Nguyễn Thị Hoàng Yến','yennth126@fpt.edu.vn', 0);
INSERT INTO Instructor (instructorId, instructorName, accountId, gender) VALUES ('khaidq6', N'Đào Quang Khải','khaidq6@fpt.edu.vn', 1);
INSERT INTO Instructor (instructorId, instructorName, accountId, gender) VALUES ('anhnh88', N'Nguyễn Hoàng Anh','anhnh88@fpt.edu.vn', 0);

INSERT INTO [Role](roleId, roleName) VALUES (1, 'Admin')
INSERT INTO [Role](roleId, roleName) VALUES (2, 'Teacher')
INSERT INTO [Role](roleId, roleName) VALUES (3, 'Student')

INSERT INTO AccountRole (username, roleId) VALUES ('SE03520@fpt.edu.vn',  3)
INSERT INTO AccountRole (username, roleId) VALUES ('SE04495@fpt.edu.vn',  3)
INSERT INTO AccountRole (username, roleId) VALUES ('HE150057@fpt.edu.vn', 3 )
INSERT INTO AccountRole (username, roleId) VALUES ('HE151095@fpt.edu.vn', 3 )
INSERT INTO AccountRole (username, roleId) VALUES ('HE153206@fpt.edu.vn', 3 )
INSERT INTO AccountRole (username, roleId) VALUES ('HE160694@fpt.edu.vn', 3 )
INSERT INTO AccountRole (username, roleId) VALUES ('HE161357@fpt.edu.vn', 3 )
INSERT INTO AccountRole (username, roleId) VALUES ('HE161795@fpt.edu.vn', 3 )
INSERT INTO AccountRole (username, roleId) VALUES ('HE163146@fpt.edu.vn', 3 )
INSERT INTO AccountRole (username, roleId) VALUES ('HE164035@fpt.edu.vn', 3 )
INSERT INTO AccountRole (username, roleId) VALUES ('HE170051@fpt.edu.vn', 3 )
INSERT INTO AccountRole (username, roleId) VALUES ('HE170245@fpt.edu.vn', 3 )
INSERT INTO AccountRole (username, roleId) VALUES ('HE170422@fpt.edu.vn', 3 )
INSERT INTO AccountRole (username, roleId) VALUES ('HE170428@fpt.edu.vn', 3 )
INSERT INTO AccountRole (username, roleId) VALUES ('HE170444@fpt.edu.vn', 3 )
INSERT INTO AccountRole (username, roleId) VALUES ('HE170533@fpt.edu.vn', 3 )
INSERT INTO AccountRole (username, roleId) VALUES ('HE170842@fpt.edu.vn', 3 )
INSERT INTO AccountRole (username, roleId) VALUES ('HE170863@fpt.edu.vn', 3 )
INSERT INTO AccountRole (username, roleId) VALUES ('HE170907@fpt.edu.vn', 3 )
INSERT INTO AccountRole (username, roleId) VALUES ('HE170996@fpt.edu.vn', 3 )
INSERT INTO AccountRole (username, roleId) VALUES ('HE171071@fpt.edu.vn', 3 )
INSERT INTO AccountRole (username, roleId) VALUES ('HE171073@fpt.edu.vn', 3 )
INSERT INTO AccountRole (username, roleId) VALUES ('HE171162@fpt.edu.vn', 3 )
INSERT INTO AccountRole (username, roleId) VALUES ('HE171442@fpt.edu.vn', 3 )
INSERT INTO AccountRole (username, roleId) VALUES ('HE171482@fpt.edu.vn', 3 )
INSERT INTO AccountRole (username, roleId) VALUES ('HE171578@fpt.edu.vn', 3 )
INSERT INTO AccountRole (username, roleId) VALUES ('HE171687@fpt.edu.vn', 3 )
INSERT INTO AccountRole (username, roleId) VALUES ('HE171851@fpt.edu.vn', 3 )
INSERT INTO AccountRole (username, roleId) VALUES ('HE171865@fpt.edu.vn', 3 )
INSERT INTO AccountRole (username, roleId) VALUES ('HE176182@fpt.edu.vn', 3 )
INSERT INTO AccountRole (username, roleId) VALUES ('HE176697@fpt.edu.vn', 3 )
INSERT INTO AccountRole (username, roleId) VALUES ('HE176751@fpt.edu.vn', 3 )
INSERT INTO AccountRole (username, roleId) VALUES ('HE153263@fpt.edu.vn', 3 )
INSERT INTO AccountRole (username, roleId) VALUES ('HE153535@fpt.edu.vn', 3 )
INSERT INTO AccountRole (username, roleId) VALUES ('HE160914@fpt.edu.vn', 3 )
INSERT INTO AccountRole (username, roleId) VALUES ('HE161145@fpt.edu.vn', 3 )
INSERT INTO AccountRole (username, roleId) VALUES ('HE161544@fpt.edu.vn', 3 )
INSERT INTO AccountRole (username, roleId) VALUES ('HE161706@fpt.edu.vn', 3 )
INSERT INTO AccountRole (username, roleId) VALUES ('HE161800@fpt.edu.vn', 3 )
INSERT INTO AccountRole (username, roleId) VALUES ('HE161832@fpt.edu.vn', 3 )
INSERT INTO AccountRole (username, roleId) VALUES ('HE160071@fpt.edu.vn', 3 )
INSERT INTO AccountRole (username, roleId) VALUES ('HE140639@fpt.edu.vn', 3 )
INSERT INTO AccountRole (username, roleId) VALUES ('HE140842@fpt.edu.vn', 3 )
INSERT INTO AccountRole (username, roleId) VALUES ('HE161139@fpt.edu.vn', 3 )
INSERT INTO AccountRole (username, roleId) VALUES ('HE161481@fpt.edu.vn', 3 )
INSERT INTO AccountRole (username, roleId) VALUES ('HE161512@fpt.edu.vn', 3 )
INSERT INTO AccountRole (username, roleId) VALUES ('HE161733@fpt.edu.vn', 3 )
INSERT INTO AccountRole (username, roleId) VALUES ('HE161869@fpt.edu.vn', 3 )
INSERT INTO AccountRole (username, roleId) VALUES ('HE140339@fpt.edu.vn', 3 )
INSERT INTO AccountRole (username, roleId) VALUES ('HE150282@fpt.edu.vn', 3 )
INSERT INTO AccountRole (username, roleId) VALUES ('HE160625@fpt.edu.vn', 3 )
INSERT INTO AccountRole (username, roleId) VALUES ('HE160682@fpt.edu.vn', 3 )
INSERT INTO AccountRole (username, roleId) VALUES ('HE161469@fpt.edu.vn', 3 )
INSERT INTO AccountRole (username, roleId) VALUES ('HE161861@fpt.edu.vn', 3 )
INSERT INTO AccountRole (username, roleId) VALUES ('HE161875@fpt.edu.vn', 3 )
INSERT INTO AccountRole (username, roleId) VALUES ('HE161882@fpt.edu.vn', 3 )
INSERT INTO AccountRole (username, roleId) VALUES ('HE161918@fpt.edu.vn', 3 )
INSERT INTO AccountRole (username, roleId) VALUES ('HE163001@fpt.edu.vn', 3 )
INSERT INTO AccountRole (username, roleId) VALUES ('HE163154@fpt.edu.vn', 3 )
INSERT INTO AccountRole (username, roleId) VALUES ('HE163233@fpt.edu.vn', 3 )
INSERT INTO AccountRole (username, roleId) VALUES ('HE171163@fpt.edu.vn', 3 )
INSERT INTO AccountRole (username, roleId) VALUES ('HE171403@fpt.edu.vn', 3 )
INSERT INTO AccountRole (username, roleId) VALUES ('HE171408@fpt.edu.vn', 3 )
INSERT INTO AccountRole (username, roleId) VALUES ('HE171590@fpt.edu.vn', 3 )
INSERT INTO AccountRole (username, roleId) VALUES ('HE171985@fpt.edu.vn', 3 )
INSERT INTO AccountRole (username, roleId) VALUES ('HE172734@fpt.edu.vn', 3 )
INSERT INTO AccountRole (username, roleId) VALUES ('HE172742@fpt.edu.vn', 3 )
INSERT INTO AccountRole (username, roleId) VALUES ('HE173033@fpt.edu.vn', 3 )
INSERT INTO AccountRole (username, roleId) VALUES ('HE176160@fpt.edu.vn', 3 )
INSERT INTO AccountRole (username, roleId) VALUES ('HE176187@fpt.edu.vn', 3 )
INSERT INTO AccountRole (username, roleId) VALUES ('HE176230@fpt.edu.vn', 3 )
INSERT INTO AccountRole (username, roleId) VALUES ('HE176586@fpt.edu.vn', 3 )
INSERT INTO AccountRole (username, roleId) VALUES ('HS160715@fpt.edu.vn', 3 )
INSERT INTO AccountRole (username, roleId) VALUES ('DE170703@fpt.edu.vn', 3 )
INSERT INTO AccountRole (username, roleId) VALUES ('HE163415@fpt.edu.vn', 3 )
INSERT INTO AccountRole (username, roleId) VALUES ('HE164044@fpt.edu.vn', 3 )
INSERT INTO AccountRole (username, roleId) VALUES ('HE170180@fpt.edu.vn', 3 )
INSERT INTO AccountRole (username, roleId) VALUES ('HE170595@fpt.edu.vn', 3 )
INSERT INTO AccountRole (username, roleId) VALUES ('HE171098@fpt.edu.vn', 3 )
INSERT INTO AccountRole (username, roleId) VALUES ('HE171319@fpt.edu.vn', 3 )
INSERT INTO AccountRole (username, roleId) VALUES ('HE171320@fpt.edu.vn', 3 )
INSERT INTO AccountRole (username, roleId) VALUES ('HE171416@fpt.edu.vn', 3 )
INSERT INTO AccountRole (username, roleId) VALUES ('HE171702@fpt.edu.vn', 3 )
INSERT INTO AccountRole (username, roleId) VALUES ('HE171937@fpt.edu.vn', 3 )
INSERT INTO AccountRole (username, roleId) VALUES ('HE172032@fpt.edu.vn', 3 )
INSERT INTO AccountRole (username, roleId) VALUES ('HE173037@fpt.edu.vn', 3 )
INSERT INTO AccountRole (username, roleId) VALUES ('HE173046@fpt.edu.vn', 3 )
INSERT INTO AccountRole (username, roleId) VALUES ('HE176640@fpt.edu.vn', 3 )
INSERT INTO AccountRole (username, roleId) VALUES ('HE181829@fpt.edu.vn', 3 )
INSERT INTO AccountRole (username, roleId) VALUES ('HE181879@fpt.edu.vn', 3 )
INSERT INTO AccountRole (username, roleId) VALUES ('HS170024@fpt.edu.vn', 3 )
INSERT INTO AccountRole (username, roleId) VALUES ('HS170726@fpt.edu.vn', 3 )
INSERT INTO AccountRole (username, roleId) VALUES ('HS173175@fpt.edu.vn', 3 )
INSERT INTO AccountRole (username, roleId) VALUES ('HS176033@fpt.edu.vn', 3 )
INSERT INTO AccountRole (username, roleId) VALUES ('HE153678@fpt.edu.vn', 3 )
INSERT INTO AccountRole (username, roleId) VALUES ('HE161700@fpt.edu.vn', 3 )
INSERT INTO AccountRole (username, roleId) VALUES ('HE161755@fpt.edu.vn', 3 )
INSERT INTO AccountRole (username, roleId) VALUES ('HE163635@fpt.edu.vn', 3 )
INSERT INTO AccountRole (username, roleId) VALUES ('HE170072@fpt.edu.vn', 3 )
INSERT INTO AccountRole (username, roleId) VALUES ('HE170201@fpt.edu.vn', 3 )
INSERT INTO AccountRole (username, roleId) VALUES ('HE170203@fpt.edu.vn', 3 )
INSERT INTO AccountRole (username, roleId) VALUES ('HE170420@fpt.edu.vn', 3 )
INSERT INTO AccountRole (username, roleId) VALUES ('HE170617@fpt.edu.vn', 3 )
INSERT INTO AccountRole (username, roleId) VALUES ('HE171209@fpt.edu.vn', 3 )
INSERT INTO AccountRole (username, roleId) VALUES ('HE171310@fpt.edu.vn', 3 )
INSERT INTO AccountRole (username, roleId) VALUES ('HE171883@fpt.edu.vn', 3 )
INSERT INTO AccountRole (username, roleId) VALUES ('HE172207@fpt.edu.vn', 3 )
INSERT INTO AccountRole (username, roleId) VALUES ('HE172366@fpt.edu.vn', 3 )
INSERT INTO AccountRole (username, roleId) VALUES ('HE172533@fpt.edu.vn', 3 )
INSERT INTO AccountRole (username, roleId) VALUES ('HE172693@fpt.edu.vn', 3 )
INSERT INTO AccountRole (username, roleId) VALUES ('HE172802@fpt.edu.vn', 3 )
INSERT INTO AccountRole (username, roleId) VALUES ('HE173328@fpt.edu.vn', 3 )
INSERT INTO AccountRole (username, roleId) VALUES ('HE173373@fpt.edu.vn', 3 )
INSERT INTO AccountRole (username, roleId) VALUES ('HE173476@fpt.edu.vn', 3 )
INSERT INTO AccountRole (username, roleId) VALUES ('HE173489@fpt.edu.vn', 3 )
INSERT INTO AccountRole (username, roleId) VALUES ('HE176275@fpt.edu.vn', 3 )
INSERT INTO AccountRole (username, roleId) VALUES ('HE176282@fpt.edu.vn', 3 )
INSERT INTO AccountRole (username, roleId) VALUES ('HE176285@fpt.edu.vn', 3 )
INSERT INTO AccountRole (username, roleId) VALUES ('HE176346@fpt.edu.vn', 3 )
INSERT INTO AccountRole (username, roleId) VALUES ('HE176360@fpt.edu.vn', 3 )
INSERT INTO AccountRole (username, roleId) VALUES ('HE176603@fpt.edu.vn', 3 )
INSERT INTO AccountRole (username, roleId) VALUES ('HE176686@fpt.edu.vn', 3 )
INSERT INTO AccountRole (username, roleId) VALUES ('HE176834@fpt.edu.vn', 3 )
INSERT INTO AccountRole (username, roleId) VALUES ('HE161232@fpt.edu.vn', 3 )
INSERT INTO AccountRole (username, roleId) VALUES ('HE161643@fpt.edu.vn', 3 )
INSERT INTO AccountRole (username, roleId) VALUES ('HE163665@fpt.edu.vn', 3 )
INSERT INTO AccountRole (username, roleId) VALUES ('HE170123@fpt.edu.vn', 3 )
INSERT INTO AccountRole (username, roleId) VALUES ('HE170268@fpt.edu.vn', 3 )
INSERT INTO AccountRole (username, roleId) VALUES ('HE170302@fpt.edu.vn', 3 )
INSERT INTO AccountRole (username, roleId) VALUES ('HE170314@fpt.edu.vn', 3 )
INSERT INTO AccountRole (username, roleId) VALUES ('HE170317@fpt.edu.vn', 3 )
INSERT INTO AccountRole (username, roleId) VALUES ('HE170436@fpt.edu.vn', 3 )
INSERT INTO AccountRole (username, roleId) VALUES ('HE170593@fpt.edu.vn', 3 )
INSERT INTO AccountRole (username, roleId) VALUES ('HE170625@fpt.edu.vn', 3 )
INSERT INTO AccountRole (username, roleId) VALUES ('HE170663@fpt.edu.vn', 3 )
INSERT INTO AccountRole (username, roleId) VALUES ('HE170911@fpt.edu.vn', 3 )
INSERT INTO AccountRole (username, roleId) VALUES ('HE170966@fpt.edu.vn', 3 )
INSERT INTO AccountRole (username, roleId) VALUES ('HE171116@fpt.edu.vn', 3 )
INSERT INTO AccountRole (username, roleId) VALUES ('HE171271@fpt.edu.vn', 3 )
INSERT INTO AccountRole (username, roleId) VALUES ('HE171494@fpt.edu.vn', 3 )
INSERT INTO AccountRole (username, roleId) VALUES ('HE171519@fpt.edu.vn', 3 )
INSERT INTO AccountRole (username, roleId) VALUES ('HE171547@fpt.edu.vn', 3 )
INSERT INTO AccountRole (username, roleId) VALUES ('HE171589@fpt.edu.vn', 3 )
INSERT INTO AccountRole (username, roleId) VALUES ('HE171601@fpt.edu.vn', 3 )
INSERT INTO AccountRole (username, roleId) VALUES ('HE172039@fpt.edu.vn', 3 )
INSERT INTO AccountRole (username, roleId) VALUES ('HE172040@fpt.edu.vn', 3 )
INSERT INTO AccountRole (username, roleId) VALUES ('HE172095@fpt.edu.vn', 3 )
INSERT INTO AccountRole (username, roleId) VALUES ('HE172175@fpt.edu.vn', 3 )
INSERT INTO AccountRole (username, roleId) VALUES ('HE172860@fpt.edu.vn', 3 )
INSERT INTO AccountRole (username, roleId) VALUES ('HE172875@fpt.edu.vn', 3 )
INSERT INTO AccountRole (username, roleId) VALUES ('HE176347@fpt.edu.vn', 3 )
INSERT INTO AccountRole (username, roleId) VALUES ('HE176485@fpt.edu.vn', 3 )
INSERT INTO AccountRole (username, roleId) VALUES ('HE176673@fpt.edu.vn', 3 )
INSERT INTO AccountRole (username, roleId) VALUES ('HE130464@fpt.edu.vn', 3 )
INSERT INTO AccountRole (username, roleId) VALUES ('HE170038@fpt.edu.vn', 3 )
INSERT INTO AccountRole (username, roleId) VALUES ('HE170351@fpt.edu.vn', 3 )
INSERT INTO AccountRole (username, roleId) VALUES ('HE170459@fpt.edu.vn', 3 )
INSERT INTO AccountRole (username, roleId) VALUES ('HE170704@fpt.edu.vn', 3 )
INSERT INTO AccountRole (username, roleId) VALUES ('HE170855@fpt.edu.vn', 3 )
INSERT INTO AccountRole (username, roleId) VALUES ('HE170913@fpt.edu.vn', 3 )
INSERT INTO AccountRole (username, roleId) VALUES ('HE171112@fpt.edu.vn', 3 )
INSERT INTO AccountRole (username, roleId) VALUES ('HE171153@fpt.edu.vn', 3 )
INSERT INTO AccountRole (username, roleId) VALUES ('HE171284@fpt.edu.vn', 3 )
INSERT INTO AccountRole (username, roleId) VALUES ('HE171454@fpt.edu.vn', 3 )
INSERT INTO AccountRole (username, roleId) VALUES ('HE171518@fpt.edu.vn', 3 )
INSERT INTO AccountRole (username, roleId) VALUES ('HE171587@fpt.edu.vn', 3 )
INSERT INTO AccountRole (username, roleId) VALUES ('HE171927@fpt.edu.vn', 3 )
INSERT INTO AccountRole (username, roleId) VALUES ('HE172073@fpt.edu.vn', 3 )
INSERT INTO AccountRole (username, roleId) VALUES ('HE172273@fpt.edu.vn', 3 )
INSERT INTO AccountRole (username, roleId) VALUES ('HE172339@fpt.edu.vn', 3 )
INSERT INTO AccountRole (username, roleId) VALUES ('HE172486@fpt.edu.vn', 3 )
INSERT INTO AccountRole (username, roleId) VALUES ('HE172517@fpt.edu.vn', 3 )
INSERT INTO AccountRole (username, roleId) VALUES ('HE172525@fpt.edu.vn', 3 )
INSERT INTO AccountRole (username, roleId) VALUES ('HE172826@fpt.edu.vn', 3 )
INSERT INTO AccountRole (username, roleId) VALUES ('HE173222@fpt.edu.vn', 3 )
INSERT INTO AccountRole (username, roleId) VALUES ('HE173258@fpt.edu.vn', 3 )
INSERT INTO AccountRole (username, roleId) VALUES ('HE176027@fpt.edu.vn', 3 )
INSERT INTO AccountRole (username, roleId) VALUES ('HE176125@fpt.edu.vn', 3 )
INSERT INTO AccountRole (username, roleId) VALUES ('HE176256@fpt.edu.vn', 3 )
INSERT INTO AccountRole (username, roleId) VALUES ('HE176715@fpt.edu.vn', 3 )
INSERT INTO AccountRole (username, roleId) VALUES ('HE176743@fpt.edu.vn', 3 )
INSERT INTO AccountRole (username, roleId) VALUES ('HE176810@fpt.edu.vn', 3 )
INSERT INTO AccountRole (username, roleId) VALUES ('HE181414@fpt.edu.vn', 3 )
INSERT INTO AccountRole (username, roleId) VALUES ('HE151390@fpt.edu.vn', 3 )
INSERT INTO AccountRole (username, roleId) VALUES ('HE161152@fpt.edu.vn', 3 )
INSERT INTO AccountRole (username, roleId) VALUES ('HE161165@fpt.edu.vn', 3 )
INSERT INTO AccountRole (username, roleId) VALUES ('HE161181@fpt.edu.vn', 3 )
INSERT INTO AccountRole (username, roleId) VALUES ('HE163891@fpt.edu.vn', 3 )
INSERT INTO AccountRole (username, roleId) VALUES ('HE164019@fpt.edu.vn', 3 )
INSERT INTO AccountRole (username, roleId) VALUES ('HE170012@fpt.edu.vn', 3 )
INSERT INTO AccountRole (username, roleId) VALUES ('HE170027@fpt.edu.vn', 3 )
INSERT INTO AccountRole (username, roleId) VALUES ('HE170147@fpt.edu.vn', 3 )
INSERT INTO AccountRole (username, roleId) VALUES ('HE170167@fpt.edu.vn', 3 )
INSERT INTO AccountRole (username, roleId) VALUES ('HE170273@fpt.edu.vn', 3 )
INSERT INTO AccountRole (username, roleId) VALUES ('HE170301@fpt.edu.vn', 3 )
INSERT INTO AccountRole (username, roleId) VALUES ('HE170415@fpt.edu.vn', 3 )
INSERT INTO AccountRole (username, roleId) VALUES ('HE170607@fpt.edu.vn', 3 )
INSERT INTO AccountRole (username, roleId) VALUES ('HE170622@fpt.edu.vn', 3 )
INSERT INTO AccountRole (username, roleId) VALUES ('HE170724@fpt.edu.vn', 3 )
INSERT INTO AccountRole (username, roleId) VALUES ('HE170960@fpt.edu.vn', 3 )
INSERT INTO AccountRole (username, roleId) VALUES ('HE170999@fpt.edu.vn', 3 )
INSERT INTO AccountRole (username, roleId) VALUES ('HE171312@fpt.edu.vn', 3 )
INSERT INTO AccountRole (username, roleId) VALUES ('HE171411@fpt.edu.vn', 3 )
INSERT INTO AccountRole (username, roleId) VALUES ('HE171540@fpt.edu.vn', 3 )
INSERT INTO AccountRole (username, roleId) VALUES ('HE171628@fpt.edu.vn', 3 )
INSERT INTO AccountRole (username, roleId) VALUES ('HE172037@fpt.edu.vn', 3 )
INSERT INTO AccountRole (username, roleId) VALUES ('HE172748@fpt.edu.vn', 3 )
INSERT INTO AccountRole (username, roleId) VALUES ('HE172838@fpt.edu.vn', 3 )
INSERT INTO AccountRole (username, roleId) VALUES ('HE172848@fpt.edu.vn', 3 )
INSERT INTO AccountRole (username, roleId) VALUES ('HE173248@fpt.edu.vn', 3 )
INSERT INTO AccountRole (username, roleId) VALUES ('HE173588@fpt.edu.vn', 3 )
INSERT INTO AccountRole (username, roleId) VALUES ('HE176077@fpt.edu.vn', 3 )
INSERT INTO AccountRole (username, roleId) VALUES ('HE176087@fpt.edu.vn', 3 )
INSERT INTO AccountRole (username, roleId) VALUES ('HE176169@fpt.edu.vn', 3 )
INSERT INTO AccountRole (username, roleId) VALUES ('HE176420@fpt.edu.vn', 3 )
INSERT INTO AccountRole (username, roleId) VALUES ('HE176882@fpt.edu.vn', 3 )
INSERT INTO AccountRole (username, roleId) VALUES ('HE161285@fpt.edu.vn', 3 )
INSERT INTO AccountRole (username, roleId) VALUES ('HE161816@fpt.edu.vn', 3 )
INSERT INTO AccountRole (username, roleId) VALUES ('HE163067@fpt.edu.vn', 3 )
INSERT INTO AccountRole (username, roleId) VALUES ('HE170011@fpt.edu.vn', 3 )
INSERT INTO AccountRole (username, roleId) VALUES ('HE170631@fpt.edu.vn', 3 )
INSERT INTO AccountRole (username, roleId) VALUES ('HE170685@fpt.edu.vn', 3 )
INSERT INTO AccountRole (username, roleId) VALUES ('HE170793@fpt.edu.vn', 3 )
INSERT INTO AccountRole (username, roleId) VALUES ('HE171358@fpt.edu.vn', 3 )
INSERT INTO AccountRole (username, roleId) VALUES ('HE171394@fpt.edu.vn', 3 )
INSERT INTO AccountRole (username, roleId) VALUES ('HE171421@fpt.edu.vn', 3 )
INSERT INTO AccountRole (username, roleId) VALUES ('HE171552@fpt.edu.vn', 3 )
INSERT INTO AccountRole (username, roleId) VALUES ('HE171908@fpt.edu.vn', 3 )
INSERT INTO AccountRole (username, roleId) VALUES ('HE171915@fpt.edu.vn', 3 )
INSERT INTO AccountRole (username, roleId) VALUES ('HE171916@fpt.edu.vn', 3 )
INSERT INTO AccountRole (username, roleId) VALUES ('HE171990@fpt.edu.vn', 3 )
INSERT INTO AccountRole (username, roleId) VALUES ('HE172180@fpt.edu.vn', 3 )
INSERT INTO AccountRole (username, roleId) VALUES ('HE172280@fpt.edu.vn', 3 )
INSERT INTO AccountRole (username, roleId) VALUES ('HE172313@fpt.edu.vn', 3 )
INSERT INTO AccountRole (username, roleId) VALUES ('HE172435@fpt.edu.vn', 3 )
INSERT INTO AccountRole (username, roleId) VALUES ('HE172527@fpt.edu.vn', 3 )
INSERT INTO AccountRole (username, roleId) VALUES ('HE172538@fpt.edu.vn', 3 )
INSERT INTO AccountRole (username, roleId) VALUES ('HE172702@fpt.edu.vn', 3 )
INSERT INTO AccountRole (username, roleId) VALUES ('HE172737@fpt.edu.vn', 3 )
INSERT INTO AccountRole (username, roleId) VALUES ('HE173401@fpt.edu.vn', 3 )
INSERT INTO AccountRole (username, roleId) VALUES ('HE173457@fpt.edu.vn', 3 )
INSERT INTO AccountRole (username, roleId) VALUES ('HE176211@fpt.edu.vn', 3 )
INSERT INTO AccountRole (username, roleId) VALUES ('HE176279@fpt.edu.vn', 3 )
INSERT INTO AccountRole (username, roleId) VALUES ('HE176633@fpt.edu.vn', 3 )
INSERT INTO AccountRole (username, roleId) VALUES ('HE176747@fpt.edu.vn', 3 )
INSERT INTO AccountRole (username, roleId) VALUES ('HE150732@fpt.edu.vn', 3 )
INSERT INTO AccountRole (username, roleId) VALUES ('HE150998@fpt.edu.vn', 3 )
INSERT INTO AccountRole (username, roleId) VALUES ('HE161224@fpt.edu.vn', 3 )
INSERT INTO AccountRole (username, roleId) VALUES ('HE161597@fpt.edu.vn', 3 )
INSERT INTO AccountRole (username, roleId) VALUES ('HE163629@fpt.edu.vn', 3 )
INSERT INTO AccountRole (username, roleId) VALUES ('HE170089@fpt.edu.vn', 3 )
INSERT INTO AccountRole (username, roleId) VALUES ('HE170262@fpt.edu.vn', 3 )
INSERT INTO AccountRole (username, roleId) VALUES ('HE170318@fpt.edu.vn', 3 )
INSERT INTO AccountRole (username, roleId) VALUES ('HE170416@fpt.edu.vn', 3 )
INSERT INTO AccountRole (username, roleId) VALUES ('HE171285@fpt.edu.vn', 3 )
INSERT INTO AccountRole (username, roleId) VALUES ('HE171377@fpt.edu.vn', 3 )
INSERT INTO AccountRole (username, roleId) VALUES ('HE171511@fpt.edu.vn', 3 )
INSERT INTO AccountRole (username, roleId) VALUES ('HE171558@fpt.edu.vn', 3 )
INSERT INTO AccountRole (username, roleId) VALUES ('HE171827@fpt.edu.vn', 3 )
INSERT INTO AccountRole (username, roleId) VALUES ('HE172058@fpt.edu.vn', 3 )
INSERT INTO AccountRole (username, roleId) VALUES ('HE172063@fpt.edu.vn', 3 )
INSERT INTO AccountRole (username, roleId) VALUES ('HE172083@fpt.edu.vn', 3 )
INSERT INTO AccountRole (username, roleId) VALUES ('HE172084@fpt.edu.vn', 3 )
INSERT INTO AccountRole (username, roleId) VALUES ('HE172163@fpt.edu.vn', 3 )
INSERT INTO AccountRole (username, roleId) VALUES ('HE172262@fpt.edu.vn', 3 )
INSERT INTO AccountRole (username, roleId) VALUES ('HE172386@fpt.edu.vn', 3 )
INSERT INTO AccountRole (username, roleId) VALUES ('HE172398@fpt.edu.vn', 3 )
INSERT INTO AccountRole (username, roleId) VALUES ('HE172460@fpt.edu.vn', 3 )
INSERT INTO AccountRole (username, roleId) VALUES ('HE172467@fpt.edu.vn', 3 )
INSERT INTO AccountRole (username, roleId) VALUES ('HE172568@fpt.edu.vn', 3 )
INSERT INTO AccountRole (username, roleId) VALUES ('HE172610@fpt.edu.vn', 3 )
INSERT INTO AccountRole (username, roleId) VALUES ('HE172717@fpt.edu.vn', 3 )
INSERT INTO AccountRole (username, roleId) VALUES ('HE172787@fpt.edu.vn', 3 )
INSERT INTO AccountRole (username, roleId) VALUES ('HE172851@fpt.edu.vn', 3 )
INSERT INTO AccountRole (username, roleId) VALUES ('HS171380@fpt.edu.vn', 3 )
INSERT INTO AccountRole (username, roleId) VALUES ('HE161302@fpt.edu.vn', 3 )
INSERT INTO AccountRole (username, roleId) VALUES ('HE163675@fpt.edu.vn', 3 )
INSERT INTO AccountRole (username, roleId) VALUES ('HE170059@fpt.edu.vn', 3 )
INSERT INTO AccountRole (username, roleId) VALUES ('HE170141@fpt.edu.vn', 3 )
INSERT INTO AccountRole (username, roleId) VALUES ('HE170176@fpt.edu.vn', 3 )
INSERT INTO AccountRole (username, roleId) VALUES ('HE170481@fpt.edu.vn', 3 )
INSERT INTO AccountRole (username, roleId) VALUES ('HE170646@fpt.edu.vn', 3 )
INSERT INTO AccountRole (username, roleId) VALUES ('HE170662@fpt.edu.vn', 3 )
INSERT INTO AccountRole (username, roleId) VALUES ('HE170738@fpt.edu.vn', 3 )
INSERT INTO AccountRole (username, roleId) VALUES ('HE170800@fpt.edu.vn', 3 )
INSERT INTO AccountRole (username, roleId) VALUES ('HE170827@fpt.edu.vn', 3 )
INSERT INTO AccountRole (username, roleId) VALUES ('HE170995@fpt.edu.vn', 3 )
INSERT INTO AccountRole (username, roleId) VALUES ('HE171110@fpt.edu.vn', 3 )
INSERT INTO AccountRole (username, roleId) VALUES ('HE171364@fpt.edu.vn', 3 )
INSERT INTO AccountRole (username, roleId) VALUES ('HE171534@fpt.edu.vn', 3 )
INSERT INTO AccountRole (username, roleId) VALUES ('HE172014@fpt.edu.vn', 3 )
INSERT INTO AccountRole (username, roleId) VALUES ('HE172264@fpt.edu.vn', 3 )
INSERT INTO AccountRole (username, roleId) VALUES ('HE172372@fpt.edu.vn', 3 )
INSERT INTO AccountRole (username, roleId) VALUES ('HE172701@fpt.edu.vn', 3 )
INSERT INTO AccountRole (username, roleId) VALUES ('HE172726@fpt.edu.vn', 3 )
INSERT INTO AccountRole (username, roleId) VALUES ('HE173209@fpt.edu.vn', 3 )
INSERT INTO AccountRole (username, roleId) VALUES ('HE173235@fpt.edu.vn', 3 )
INSERT INTO AccountRole (username, roleId) VALUES ('HE176292@fpt.edu.vn', 3 )
INSERT INTO AccountRole (username, roleId) VALUES ('HE176767@fpt.edu.vn', 3 )
INSERT INTO AccountRole (username, roleId) VALUES ('HE180542@fpt.edu.vn', 3 )
INSERT INTO AccountRole (username, roleId) VALUES ('HE181024@fpt.edu.vn', 3 )
INSERT INTO AccountRole (username, roleId) VALUES ('HE181266@fpt.edu.vn', 3 )
INSERT INTO AccountRole (username, roleId) VALUES ('HE182276@fpt.edu.vn', 3 )
INSERT INTO AccountRole (username, roleId) VALUES ('HE187276@fpt.edu.vn', 3 )
INSERT INTO AccountRole (username, roleId) VALUES ('HE150271@fpt.edu.vn', 3 )
INSERT INTO AccountRole (username, roleId) VALUES ('HE150862@fpt.edu.vn', 3 )
INSERT INTO AccountRole (username, roleId) VALUES ('HE153487@fpt.edu.vn', 3 )
INSERT INTO AccountRole (username, roleId) VALUES ('HE160021@fpt.edu.vn', 3 )
INSERT INTO AccountRole (username, roleId) VALUES ('HE160120@fpt.edu.vn', 3 )
INSERT INTO AccountRole (username, roleId) VALUES ('HE160277@fpt.edu.vn', 3 )
INSERT INTO AccountRole (username, roleId) VALUES ('HE160533@fpt.edu.vn', 3 )
INSERT INTO AccountRole (username, roleId) VALUES ('HE160623@fpt.edu.vn', 3 )
INSERT INTO AccountRole (username, roleId) VALUES ('HE160639@fpt.edu.vn', 3 )
INSERT INTO AccountRole (username, roleId) VALUES ('HE160854@fpt.edu.vn', 3 )
INSERT INTO AccountRole (username, roleId) VALUES ('HE160866@fpt.edu.vn', 3 )
INSERT INTO AccountRole (username, roleId) VALUES ('HE160929@fpt.edu.vn', 3 )
INSERT INTO AccountRole (username, roleId) VALUES ('HE160982@fpt.edu.vn', 3 )
INSERT INTO AccountRole (username, roleId) VALUES ('HE161234@fpt.edu.vn', 3 )
INSERT INTO AccountRole (username, roleId) VALUES ('HE161475@fpt.edu.vn', 3 )
INSERT INTO AccountRole (username, roleId) VALUES ('HE163040@fpt.edu.vn', 3 )
INSERT INTO AccountRole (username, roleId) VALUES ('HE163063@fpt.edu.vn', 3 )
INSERT INTO AccountRole (username, roleId) VALUES ('HE163083@fpt.edu.vn', 3 )
INSERT INTO AccountRole (username, roleId) VALUES ('HE163158@fpt.edu.vn', 3 )
INSERT INTO AccountRole (username, roleId) VALUES ('HE163166@fpt.edu.vn', 3 )
INSERT INTO AccountRole (username, roleId) VALUES ('HE163193@fpt.edu.vn', 3 )
INSERT INTO AccountRole (username, roleId) VALUES ('HE163249@fpt.edu.vn', 3 )
INSERT INTO AccountRole (username, roleId) VALUES ('HE163283@fpt.edu.vn', 3 )
INSERT INTO AccountRole (username, roleId) VALUES ('HE163359@fpt.edu.vn', 3 )
INSERT INTO AccountRole (username, roleId) VALUES ('HE163397@fpt.edu.vn', 3 )
INSERT INTO AccountRole (username, roleId) VALUES ('HE163500@fpt.edu.vn', 3 )
INSERT INTO AccountRole (username, roleId) VALUES ('HE163639@fpt.edu.vn', 3 )
INSERT INTO AccountRole (username, roleId) VALUES ('HE163653@fpt.edu.vn', 3 )
INSERT INTO AccountRole (username, roleId) VALUES ('HE163774@fpt.edu.vn', 3 )
INSERT INTO AccountRole (username, roleId) VALUES ('HE163906@fpt.edu.vn', 3 )
INSERT INTO AccountRole (username, roleId) VALUES ('sonnt5@fpt.edu.vn', 2)
INSERT INTO AccountRole (username, roleId) VALUES ('thangnv75@fpt.edu.vn', 2)
INSERT INTO AccountRole (username, roleId) VALUES ('tientd17@fpt.edu.vn', 2)
INSERT INTO AccountRole (username, roleId) VALUES ('trungnt@fpt.edu.vn', 2)
INSERT INTO AccountRole (username, roleId) VALUES ('yennth126@fpt.edu.vn', 2)
INSERT INTO AccountRole (username, roleId) VALUES ('khaidq6@fpt.edu.vn', 2)
INSERT INTO AccountRole (username, roleId) VALUES ('anhnh88@fpt.edu.vn', 2)