
USE PRN211_FeedbackAndQASystem
INSERT INTO FbQuestion (fbQuestionId, fbQuestionTitle, fbQuestionContent ) VALUES ('1', 'Question 1', N'Giảng viên có dạy đúng giờ ? ');
INSERT INTO FbQuestion (fbQuestionId, fbQuestionTitle, fbQuestionContent ) VALUES ('2', 'Question 2', N'Bài giảng có đúng tiến độ? ');
INSERT INTO FbQuestion (fbQuestionId, fbQuestionTitle, fbQuestionContent ) VALUES ('3', 'Question 3', N'Giảng viên hỗ trợ trả lời trong quá trình học? ');
INSERT INTO FbQuestion (fbQuestionId, fbQuestionTitle, fbQuestionContent ) VALUES ('4', 'Question 4', N'Chất lượng bài giảng? ');
INSERT INTO FbQuestion (fbQuestionId, fbQuestionTitle, fbQuestionContent ) VALUES ('5', 'Question 5', N'Giảng viên có nhiệt tình giảng dạy?');

INSERT INTO FbOption (fbOptionId, fbOptionGPA, fbQuestionId, FbOptionContent ) VALUES ('1', '4', '1', N'Luôn luôn đúng giờ  ');
INSERT INTO FbOption (fbOptionId, fbOptionGPA, fbQuestionId, FbOptionContent ) VALUES ('2', '3', '1', N'Hầu hết đúng giờ  ');
INSERT INTO FbOption (fbOptionId, fbOptionGPA, fbQuestionId, FbOptionContent ) VALUES ('3', '2', '1', N'Thường xuyên đúng giờ ');
INSERT INTO FbOption (fbOptionId, fbOptionGPA, fbQuestionId, FbOptionContent ) VALUES ('4', '1', '1', N'Không đúng giờ ');
INSERT INTO FbOption (fbOptionId, fbOptionGPA, fbQuestionId, FbOptionContent ) VALUES ('5', '4', '2', N'Đảm bảo hoàn toàn  ');
INSERT INTO FbOption (fbOptionId, fbOptionGPA, fbQuestionId, FbOptionContent ) VALUES ('6', '3', '2', N'Hầu hết đúng tiến bộ  ');
INSERT INTO FbOption (fbOptionId, fbOptionGPA, fbQuestionId, FbOptionContent ) VALUES ('7', '2', '2', N'Đảm bảo 50% ');
INSERT INTO FbOption (fbOptionId, fbOptionGPA, fbQuestionId, FbOptionContent ) VALUES ('8', '1', '2', N'Không đúng tiến độ  ');
INSERT INTO FbOption (fbOptionId, fbOptionGPA, fbQuestionId, FbOptionContent ) VALUES ('9', '4', '3', N'Trả lời ngay trong giờ học  ');
INSERT INTO FbOption (fbOptionId, fbOptionGPA, fbQuestionId, FbOptionContent ) VALUES ('10', '3', '3', N'Trả lời sau giờ học  ');
INSERT INTO FbOption (fbOptionId, fbOptionGPA, fbQuestionId, FbOptionContent ) VALUES ('11', '2', '3', N'Thỉnh thoảng trả lời  ');
INSERT INTO FbOption (fbOptionId, fbOptionGPA, fbQuestionId, FbOptionContent ) VALUES ('12', '1', '3', N'Không trả lời  ');
INSERT INTO FbOption (fbOptionId, fbOptionGPA, fbQuestionId, FbOptionContent ) VALUES ('13', '4', '4', N'Very good ');
INSERT INTO FbOption (fbOptionId, fbOptionGPA, fbQuestionId, FbOptionContent ) VALUES ('14', '3', '4', N'Good ');
INSERT INTO FbOption (fbOptionId, fbOptionGPA, fbQuestionId, FbOptionContent ) VALUES ('15', '2', '4', N'Medium  ');
INSERT INTO FbOption (fbOptionId, fbOptionGPA, fbQuestionId, FbOptionContent ) VALUES ('16', '1', '4', N'Bad ');
INSERT INTO FbOption (fbOptionId, fbOptionGPA, fbQuestionId, FbOptionContent ) VALUES ('17', '4', '5', N'Rất nhiệt tình  ');
INSERT INTO FbOption (fbOptionId, fbOptionGPA, fbQuestionId, FbOptionContent ) VALUES ('18', '3', '5', N'Hầu hết nhiệt tình  ');
INSERT INTO FbOption (fbOptionId, fbOptionGPA, fbQuestionId, FbOptionContent ) VALUES ('19', '2', '5', N'Thỉnh thoảng nhiệt tình  ');	
INSERT INTO FbOption (fbOptionId, fbOptionGPA, fbQuestionId, FbOptionContent ) VALUES ('20', '1', '5', N'Không nhiệt tình  ');	

SET IDENTITY_INSERT Feedback ON;
SET DATEFORMAT dmy;
INSERT INTO Feedback (feedbackId, feedbackOpenDay, feedbackCloseDay, groupId ) VALUES ('1', '29/05/2023', '30/6/2023', '1 ');
INSERT INTO Feedback (feedbackId, feedbackOpenDay, feedbackCloseDay, groupId ) VALUES ('2', '29/05/2023', '30/6/2023', '2 ');
INSERT INTO Feedback (feedbackId, feedbackOpenDay, feedbackCloseDay, groupId ) VALUES ('3', '29/05/2023', '30/6/2023', '3 ');
INSERT INTO Feedback (feedbackId, feedbackOpenDay, feedbackCloseDay, groupId ) VALUES ('4', '29/05/2023', '30/6/2023', '4 ');
INSERT INTO Feedback (feedbackId, feedbackOpenDay, feedbackCloseDay, groupId ) VALUES ('5', '29/05/2023', '30/6/2023', '5 ');
INSERT INTO Feedback (feedbackId, feedbackOpenDay, feedbackCloseDay, groupId ) VALUES ('6', '29/05/2023', '30/6/2023', '6 ');
INSERT INTO Feedback (feedbackId, feedbackOpenDay, feedbackCloseDay, groupId ) VALUES ('7', '29/05/2023', '30/6/2023', '7 ');
INSERT INTO Feedback (feedbackId, feedbackOpenDay, feedbackCloseDay, groupId ) VALUES ('8', '29/05/2023', '30/6/2023', '8 ');
INSERT INTO Feedback (feedbackId, feedbackOpenDay, feedbackCloseDay, groupId ) VALUES ('9', '29/05/2023', '30/6/2023', '9 ');
INSERT INTO Feedback (feedbackId, feedbackOpenDay, feedbackCloseDay, groupId ) VALUES ('10', '29/05/2023', '30/6/2023', '10 ');
INSERT INTO Feedback (feedbackId, feedbackOpenDay, feedbackCloseDay, groupId ) VALUES ('11', '29/05/2023', '30/6/2023', '11 ');
INSERT INTO Feedback (feedbackId, feedbackOpenDay, feedbackCloseDay, groupId ) VALUES ('12', '29/05/2023', '30/6/2023', '12 ');
INSERT INTO Feedback (feedbackId, feedbackOpenDay, feedbackCloseDay, groupId ) VALUES ('13', '29/05/2023', '30/6/2023', '13 ');
INSERT INTO Feedback (feedbackId, feedbackOpenDay, feedbackCloseDay, groupId ) VALUES ('14', '29/05/2023', '30/6/2023', '14 ');
INSERT INTO Feedback (feedbackId, feedbackOpenDay, feedbackCloseDay, groupId ) VALUES ('15', '29/05/2023', '30/6/2023', '15');
INSERT INTO Feedback (feedbackId, feedbackOpenDay, feedbackCloseDay, groupId ) VALUES ('16', '06/07/2023', '30/7/2023', '1 ');
INSERT INTO Feedback (feedbackId, feedbackOpenDay, feedbackCloseDay, groupId ) VALUES ('17', '06/07/2023', '30/7/2023', '2 ');
INSERT INTO Feedback (feedbackId, feedbackOpenDay, feedbackCloseDay, groupId ) VALUES ('18', '06/07/2023', '30/7/2023', '3 ');
INSERT INTO Feedback (feedbackId, feedbackOpenDay, feedbackCloseDay, groupId ) VALUES ('19', '06/07/2023', '30/7/2023', '4 ');
INSERT INTO Feedback (feedbackId, feedbackOpenDay, feedbackCloseDay, groupId ) VALUES ('20', '06/07/2023', '30/7/2023', '5 ');
INSERT INTO Feedback (feedbackId, feedbackOpenDay, feedbackCloseDay, groupId ) VALUES ('21', '06/07/2023', '30/7/2023', '6 ');
INSERT INTO Feedback (feedbackId, feedbackOpenDay, feedbackCloseDay, groupId ) VALUES ('22', '06/07/2023', '30/7/2023', '7 ');
INSERT INTO Feedback (feedbackId, feedbackOpenDay, feedbackCloseDay, groupId ) VALUES ('23', '06/07/2023', '30/7/2023', '8 ');
INSERT INTO Feedback (feedbackId, feedbackOpenDay, feedbackCloseDay, groupId ) VALUES ('24', '06/07/2023', '30/7/2023', '9 ');
INSERT INTO Feedback (feedbackId, feedbackOpenDay, feedbackCloseDay, groupId ) VALUES ('25', '06/07/2023', '30/7/2023', '10 ');
INSERT INTO Feedback (feedbackId, feedbackOpenDay, feedbackCloseDay, groupId ) VALUES ('26', '06/07/2023', '30/7/2023', '11 ');
INSERT INTO Feedback (feedbackId, feedbackOpenDay, feedbackCloseDay, groupId ) VALUES ('27', '06/07/2023', '30/7/2023', '12 ');
INSERT INTO Feedback (feedbackId, feedbackOpenDay, feedbackCloseDay, groupId ) VALUES ('28', '06/07/2023', '30/7/2023', '13 ');
INSERT INTO Feedback (feedbackId, feedbackOpenDay, feedbackCloseDay, groupId ) VALUES ('29', '06/07/2023', '30/7/2023', '14 ');
INSERT INTO Feedback (feedbackId, feedbackOpenDay, feedbackCloseDay, groupId ) VALUES ('30', '06/07/2023', '30/7/2023', '15');
SET IDENTITY_INSERT Feedback OFF;

DROP PROCEDURE IF EXISTS InsertContainData;

GO
CREATE PROCEDURE InsertContainData
AS
BEGIN
    DECLARE @feedbackId INT = 1
    DECLARE @fbQuestionId INT = 1
    
    WHILE @feedbackId <= 30
    BEGIN
        WHILE @fbQuestionId <= 5
        BEGIN
            INSERT INTO Contain (feedbackId, fbQuestionId)
            VALUES (@feedbackId, @fbQuestionId)
            
            SET @fbQuestionId = @fbQuestionId + 1
        END
        
        SET @feedbackId = @feedbackId + 1
        SET @fbQuestionId = 1
    END
END
GO 
EXEC InsertContainData

SET IDENTITY_INSERT Do ON;
INSERT INTO Do (doId, feedbackId, studentId, doStatus, doTime, doComment) VALUES ('1', '1', 'DE170703', '1', '10/06/2023', 'good');
INSERT INTO Do (doId, feedbackId, studentId, doStatus, doTime, doComment) VALUES ('2', '1', 'HE153678', '1', '10/06/2023', 'good');
INSERT INTO Do (doId, feedbackId, studentId, doStatus, doTime, doComment) VALUES ('3', '1', 'HE161700', '1', '10/06/2023', 'good');
INSERT INTO Do (doId, feedbackId, studentId, doStatus, doTime, doComment) VALUES ('4', '1', 'HE161706', '1', '10/06/2023', 'good');
INSERT INTO Do (doId, feedbackId, studentId, doStatus, doTime, doComment) VALUES ('5', '1', 'HE161755', '1', '10/06/2023', 'good');
INSERT INTO Do (doId, feedbackId, studentId, doStatus, doTime, doComment) VALUES ('6', '1', 'HE163415', '1', '10/06/2023', 'good');
INSERT INTO Do (doId, feedbackId, studentId, doStatus, doTime, doComment) VALUES ('7', '1', 'HE163635', '1', '10/06/2023', 'good');
INSERT INTO Do (doId, feedbackId, studentId, doStatus, doTime, doComment) VALUES ('8', '1', 'HE164044', '1', '10/06/2023', 'good');
INSERT INTO Do (doId, feedbackId, studentId, doStatus, doTime, doComment) VALUES ('9', '1', 'HE170072', '1', '10/06/2023', 'good');
INSERT INTO Do (doId, feedbackId, studentId, doStatus, doTime, doComment) VALUES ('10', '1', 'HE170180', '1', '10/06/2023', 'good');
INSERT INTO Do (doId, feedbackId, studentId, doStatus, doTime, doComment) VALUES ('11', '1', 'HE170201', '1', '10/06/2023', 'good');
INSERT INTO Do (doId, feedbackId, studentId, doStatus, doTime, doComment) VALUES ('12', '1', 'HE170203', '1', '10/06/2023', 'good');
INSERT INTO Do (doId, feedbackId, studentId, doStatus, doTime, doComment) VALUES ('13', '1', 'HE170420', '1', '10/06/2023', 'good');
INSERT INTO Do (doId, feedbackId, studentId, doStatus, doTime, doComment) VALUES ('14', '1', 'HE170595', '1', '10/06/2023', 'good');
INSERT INTO Do (doId, feedbackId, studentId, doStatus, doTime, doComment) VALUES ('15', '1', 'HE171098', '1', '10/06/2023', 'good');
INSERT INTO Do (doId, feedbackId, studentId, doStatus, doTime, doComment) VALUES ('16', '1', 'HE171319', '1', '10/06/2023', 'good');
INSERT INTO Do (doId, feedbackId, studentId, doStatus, doTime, doComment) VALUES ('17', '1', 'HE171320', '1', '10/06/2023', 'good');
INSERT INTO Do (doId, feedbackId, studentId, doStatus, doTime, doComment) VALUES ('18', '1', 'HE171416', '1', '10/06/2023', 'good');
INSERT INTO Do (doId, feedbackId, studentId, doStatus, doTime, doComment) VALUES ('19', '1', 'HE171702', '1', '10/06/2023', 'good');
INSERT INTO Do (doId, feedbackId, studentId, doStatus, doTime, doComment) VALUES ('20', '1', 'HE171937', '1', '10/06/2023', 'good');
INSERT INTO Do (doId, feedbackId, studentId, doStatus, doTime, doComment) VALUES ('21', '1', 'HE172032', '1', '10/06/2023', 'good');
INSERT INTO Do (doId, feedbackId, studentId, doStatus, doTime, doComment) VALUES ('22', '1', 'HE173037', '1', '10/06/2023', 'good');
INSERT INTO Do (doId, feedbackId, studentId, doStatus, doTime, doComment) VALUES ('23', '1', 'HE173046', '1', '10/06/2023', 'good');
INSERT INTO Do (doId, feedbackId, studentId, doStatus, doTime, doComment) VALUES ('24', '1', 'HE176640', '1', '10/06/2023', 'good');
INSERT INTO Do (doId, feedbackId, studentId, doStatus, doTime, doComment) VALUES ('25', '1', 'HE181829', '1', '10/06/2023', 'good');
INSERT INTO Do (doId, feedbackId, studentId, doStatus, doTime, doComment) VALUES ('26', '1', 'HE181879', '1', '10/06/2023', 'good');
INSERT INTO Do (doId, feedbackId, studentId, doStatus, doTime, doComment) VALUES ('27', '1', 'HS170024', '1', '10/06/2023', 'good');
INSERT INTO Do (doId, feedbackId, studentId, doStatus, doTime, doComment) VALUES ('28', '1', 'HS170726', '1', '10/06/2023', 'good');
INSERT INTO Do (doId, feedbackId, studentId, doStatus, doTime, doComment) VALUES ('29', '1', 'HS173175', '1', '10/06/2023', 'good');
INSERT INTO Do (doId, feedbackId, studentId, doStatus, doTime, doComment) VALUES ('30', '1', 'HS176033', '1', '10/06/2023', 'good');
INSERT INTO Do (doId, feedbackId, studentId, doStatus, doTime, doComment) VALUES ('31', '2', 'HE161232', '1', '10/06/2023', 'good');
INSERT INTO Do (doId, feedbackId, studentId, doStatus, doTime, doComment) VALUES ('32', '2', 'HE161643', '1', '10/06/2023', 'good');
INSERT INTO Do (doId, feedbackId, studentId, doStatus, doTime, doComment) VALUES ('33', '2', 'HE163665', '1', '10/06/2023', 'good');
INSERT INTO Do (doId, feedbackId, studentId, doStatus, doTime, doComment) VALUES ('34', '2', 'HE170123', '1', '10/06/2023', 'good');
INSERT INTO Do (doId, feedbackId, studentId, doStatus, doTime, doComment) VALUES ('35', '2', 'HE170268', '1', '10/06/2023', 'good');
INSERT INTO Do (doId, feedbackId, studentId, doStatus, doTime, doComment) VALUES ('36', '2', 'HE170302', '1', '10/06/2023', 'good');
INSERT INTO Do (doId, feedbackId, studentId, doStatus, doTime, doComment) VALUES ('37', '2', 'HE170314', '1', '10/06/2023', 'good');
INSERT INTO Do (doId, feedbackId, studentId, doStatus, doTime, doComment) VALUES ('38', '2', 'HE170317', '1', '10/06/2023', 'good');
INSERT INTO Do (doId, feedbackId, studentId, doStatus, doTime, doComment) VALUES ('39', '2', 'HE170617', '1', '10/06/2023', 'good');
INSERT INTO Do (doId, feedbackId, studentId, doStatus, doTime, doComment) VALUES ('40', '2', 'HE171209', '1', '10/06/2023', 'good');
INSERT INTO Do (doId, feedbackId, studentId, doStatus, doTime, doComment) VALUES ('41', '2', 'HE171310', '1', '10/06/2023', 'good');
INSERT INTO Do (doId, feedbackId, studentId, doStatus, doTime, doComment) VALUES ('42', '2', 'HE171883', '1', '10/06/2023', 'good');
INSERT INTO Do (doId, feedbackId, studentId, doStatus, doTime, doComment) VALUES ('43', '2', 'HE172207', '1', '10/06/2023', 'good');
INSERT INTO Do (doId, feedbackId, studentId, doStatus, doTime, doComment) VALUES ('44', '2', 'HE172366', '1', '10/06/2023', 'good');
INSERT INTO Do (doId, feedbackId, studentId, doStatus, doTime, doComment) VALUES ('45', '2', 'HE172533', '1', '10/06/2023', 'good');
INSERT INTO Do (doId, feedbackId, studentId, doStatus, doTime, doComment) VALUES ('46', '2', 'HE172693', '1', '10/06/2023', 'good');
INSERT INTO Do (doId, feedbackId, studentId, doStatus, doTime, doComment) VALUES ('47', '2', 'HE172802', '1', '10/06/2023', 'good');
INSERT INTO Do (doId, feedbackId, studentId, doStatus, doTime, doComment) VALUES ('48', '2', 'HE173328', '1', '10/06/2023', 'good');
INSERT INTO Do (doId, feedbackId, studentId, doStatus, doTime, doComment) VALUES ('49', '2', 'HE173373', '1', '10/06/2023', 'good');
INSERT INTO Do (doId, feedbackId, studentId, doStatus, doTime, doComment) VALUES ('50', '2', 'HE173476', '1', '10/06/2023', 'good');
INSERT INTO Do (doId, feedbackId, studentId, doStatus, doTime, doComment) VALUES ('51', '2', 'HE173489', '1', '10/06/2023', 'good');
INSERT INTO Do (doId, feedbackId, studentId, doStatus, doTime, doComment) VALUES ('52', '2', 'HE176275', '1', '10/06/2023', 'good');
INSERT INTO Do (doId, feedbackId, studentId, doStatus, doTime, doComment) VALUES ('53', '2', 'HE176282', '1', '10/06/2023', 'good');
INSERT INTO Do (doId, feedbackId, studentId, doStatus, doTime, doComment) VALUES ('54', '2', 'HE176285', '1', '10/06/2023', 'good');
INSERT INTO Do (doId, feedbackId, studentId, doStatus, doTime, doComment) VALUES ('55', '2', 'HE176346', '1', '10/06/2023', 'good');
INSERT INTO Do (doId, feedbackId, studentId, doStatus, doTime, doComment) VALUES ('56', '2', 'HE176360', '1', '10/06/2023', 'good');
INSERT INTO Do (doId, feedbackId, studentId, doStatus, doTime, doComment) VALUES ('57', '2', 'HE176603', '1', '10/06/2023', 'good');
INSERT INTO Do (doId, feedbackId, studentId, doStatus, doTime, doComment) VALUES ('58', '2', 'HE176686', '1', '10/06/2023', 'good');
INSERT INTO Do (doId, feedbackId, studentId, doStatus, doTime, doComment) VALUES ('59', '2', 'HE176834', '1', '10/06/2023', 'good');
INSERT INTO Do (doId, feedbackId, studentId, doStatus, doTime, doComment) VALUES ('60', '3', 'HE130464', '1', '10/06/2023', 'good');
INSERT INTO Do (doId, feedbackId, studentId, doStatus, doTime, doComment) VALUES ('61', '3', 'HE170038', '1', '10/06/2023', 'good');
INSERT INTO Do (doId, feedbackId, studentId, doStatus, doTime, doComment) VALUES ('62', '3', 'HE170351', '1', '10/06/2023', 'good');
INSERT INTO Do (doId, feedbackId, studentId, doStatus, doTime, doComment) VALUES ('63', '3', 'HE170436', '1', '10/06/2023', 'good');
INSERT INTO Do (doId, feedbackId, studentId, doStatus, doTime, doComment) VALUES ('64', '3', 'HE170459', '1', '10/06/2023', 'good');
INSERT INTO Do (doId, feedbackId, studentId, doStatus, doTime, doComment) VALUES ('65', '3', 'HE170593', '1', '10/06/2023', 'good');
INSERT INTO Do (doId, feedbackId, studentId, doStatus, doTime, doComment) VALUES ('66', '3', 'HE170625', '1', '10/06/2023', 'good');
INSERT INTO Do (doId, feedbackId, studentId, doStatus, doTime, doComment) VALUES ('67', '3', 'HE170663', '1', '10/06/2023', 'good');
INSERT INTO Do (doId, feedbackId, studentId, doStatus, doTime, doComment) VALUES ('68', '3', 'HE170704', '1', '10/06/2023', 'good');
INSERT INTO Do (doId, feedbackId, studentId, doStatus, doTime, doComment) VALUES ('69', '3', 'HE170855', '1', '10/06/2023', 'good');
INSERT INTO Do (doId, feedbackId, studentId, doStatus, doTime, doComment) VALUES ('70', '3', 'HE170911', '1', '10/06/2023', 'good');
INSERT INTO Do (doId, feedbackId, studentId, doStatus, doTime, doComment) VALUES ('71', '3', 'HE170913', '1', '10/06/2023', 'good');
INSERT INTO Do (doId, feedbackId, studentId, doStatus, doTime, doComment) VALUES ('72', '3', 'HE170966', '1', '10/06/2023', 'good');
INSERT INTO Do (doId, feedbackId, studentId, doStatus, doTime, doComment) VALUES ('73', '3', 'HE171112', '1', '10/06/2023', 'good');
INSERT INTO Do (doId, feedbackId, studentId, doStatus, doTime, doComment) VALUES ('74', '3', 'HE171116', '1', '10/06/2023', 'good');
INSERT INTO Do (doId, feedbackId, studentId, doStatus, doTime, doComment) VALUES ('75', '3', 'HE171153', '1', '10/06/2023', 'good');
INSERT INTO Do (doId, feedbackId, studentId, doStatus, doTime, doComment) VALUES ('76', '3', 'HE171271', '1', '10/06/2023', 'good');
INSERT INTO Do (doId, feedbackId, studentId, doStatus, doTime, doComment) VALUES ('77', '3', 'HE171494', '1', '10/06/2023', 'good');
INSERT INTO Do (doId, feedbackId, studentId, doStatus, doTime, doComment) VALUES ('78', '3', 'HE171519', '1', '10/06/2023', 'good');
INSERT INTO Do (doId, feedbackId, studentId, doStatus, doTime, doComment) VALUES ('79', '3', 'HE171547', '1', '10/06/2023', 'good');
INSERT INTO Do (doId, feedbackId, studentId, doStatus, doTime, doComment) VALUES ('80', '3', 'HE171589', '1', '10/06/2023', 'good');
INSERT INTO Do (doId, feedbackId, studentId, doStatus, doTime, doComment) VALUES ('81', '3', 'HE171601', '1', '10/06/2023', 'good');
INSERT INTO Do (doId, feedbackId, studentId, doStatus, doTime, doComment) VALUES ('82', '3', 'HE172039', '1', '10/06/2023', 'good');
INSERT INTO Do (doId, feedbackId, studentId, doStatus, doTime, doComment) VALUES ('83', '3', 'HE172040', '1', '10/06/2023', 'good');
INSERT INTO Do (doId, feedbackId, studentId, doStatus, doTime, doComment) VALUES ('84', '3', 'HE172095', '1', '10/06/2023', 'good');
INSERT INTO Do (doId, feedbackId, studentId, doStatus, doTime, doComment) VALUES ('85', '3', 'HE172175', '1', '10/06/2023', 'good');
INSERT INTO Do (doId, feedbackId, studentId, doStatus, doTime, doComment) VALUES ('86', '3', 'HE172860', '1', '10/06/2023', 'good');
INSERT INTO Do (doId, feedbackId, studentId, doStatus, doTime, doComment) VALUES ('87', '3', 'HE172875', '1', '10/06/2023', 'good');
INSERT INTO Do (doId, feedbackId, studentId, doStatus, doTime, doComment) VALUES ('88', '3', 'HE176347', '1', '10/06/2023', 'good');
INSERT INTO Do (doId, feedbackId, studentId, doStatus, doTime, doComment) VALUES ('89', '3', 'HE176485', '1', '10/06/2023', 'good');
INSERT INTO Do (doId, feedbackId, studentId, doStatus, doTime, doComment) VALUES ('90', '3', 'HE176673', '1', '10/06/2023', 'good');
INSERT INTO Do (doId, feedbackId, studentId, doStatus, doTime, doComment) VALUES ('91', '4', 'HE151390', '1', '10/06/2023', 'good');
INSERT INTO Do (doId, feedbackId, studentId, doStatus, doTime, doComment) VALUES ('92', '4', 'HE161152', '1', '10/06/2023', 'good');
INSERT INTO Do (doId, feedbackId, studentId, doStatus, doTime, doComment) VALUES ('93', '4', 'HE161165', '1', '10/06/2023', 'good');
INSERT INTO Do (doId, feedbackId, studentId, doStatus, doTime, doComment) VALUES ('94', '4', 'HE161181', '1', '10/06/2023', 'good');
INSERT INTO Do (doId, feedbackId, studentId, doStatus, doTime, doComment) VALUES ('95', '4', 'HE163891', '1', '10/06/2023', 'good');
INSERT INTO Do (doId, feedbackId, studentId, doStatus, doTime, doComment) VALUES ('96', '4', 'HE164019', '1', '10/06/2023', 'good');
INSERT INTO Do (doId, feedbackId, studentId, doStatus, doTime, doComment) VALUES ('97', '4', 'HE170012', '1', '10/06/2023', 'good');
INSERT INTO Do (doId, feedbackId, studentId, doStatus, doTime, doComment) VALUES ('98', '4', 'HE170027', '1', '10/06/2023', 'good');
INSERT INTO Do (doId, feedbackId, studentId, doStatus, doTime, doComment) VALUES ('99', '4', 'HE170147', '1', '10/06/2023', 'good');
INSERT INTO Do (doId, feedbackId, studentId, doStatus, doTime, doComment) VALUES ('100', '4', 'HE171284', '1', '10/06/2023', 'good');
INSERT INTO Do (doId, feedbackId, studentId, doStatus, doTime, doComment) VALUES ('101', '4', 'HE171454', '1', '10/06/2023', 'good');
INSERT INTO Do (doId, feedbackId, studentId, doStatus, doTime, doComment) VALUES ('102', '4', 'HE171518', '1', '10/06/2023', 'good');
INSERT INTO Do (doId, feedbackId, studentId, doStatus, doTime, doComment) VALUES ('103', '4', 'HE171587', '1', '10/06/2023', 'good');
INSERT INTO Do (doId, feedbackId, studentId, doStatus, doTime, doComment) VALUES ('104', '4', 'HE171927', '1', '10/06/2023', 'good');
INSERT INTO Do (doId, feedbackId, studentId, doStatus, doTime, doComment) VALUES ('105', '4', 'HE172073', '1', '10/06/2023', 'good');
INSERT INTO Do (doId, feedbackId, studentId, doStatus, doTime, doComment) VALUES ('106', '4', 'HE172273', '1', '10/06/2023', 'good');
INSERT INTO Do (doId, feedbackId, studentId, doStatus, doTime, doComment) VALUES ('107', '4', 'HE172339', '1', '10/06/2023', 'good');
INSERT INTO Do (doId, feedbackId, studentId, doStatus, doTime, doComment) VALUES ('108', '4', 'HE172486', '1', '10/06/2023', 'good');
INSERT INTO Do (doId, feedbackId, studentId, doStatus, doTime, doComment) VALUES ('109', '4', 'HE172517', '1', '10/06/2023', 'good');
INSERT INTO Do (doId, feedbackId, studentId, doStatus, doTime, doComment) VALUES ('110', '4', 'HE172525', '1', '10/06/2023', 'good');
INSERT INTO Do (doId, feedbackId, studentId, doStatus, doTime, doComment) VALUES ('111', '4', 'HE172826', '1', '10/06/2023', 'good');
INSERT INTO Do (doId, feedbackId, studentId, doStatus, doTime, doComment) VALUES ('112', '4', 'HE173222', '1', '10/06/2023', 'good');
INSERT INTO Do (doId, feedbackId, studentId, doStatus, doTime, doComment) VALUES ('113', '4', 'HE173258', '1', '10/06/2023', 'good');
INSERT INTO Do (doId, feedbackId, studentId, doStatus, doTime, doComment) VALUES ('114', '4', 'HE176027', '1', '10/06/2023', 'good');
INSERT INTO Do (doId, feedbackId, studentId, doStatus, doTime, doComment) VALUES ('115', '4', 'HE176125', '1', '10/06/2023', 'good');
INSERT INTO Do (doId, feedbackId, studentId, doStatus, doTime, doComment) VALUES ('116', '4', 'HE176256', '1', '10/06/2023', 'good');
INSERT INTO Do (doId, feedbackId, studentId, doStatus, doTime, doComment) VALUES ('117', '4', 'HE176715', '1', '10/06/2023', 'good');
INSERT INTO Do (doId, feedbackId, studentId, doStatus, doTime, doComment) VALUES ('118', '4', 'HE176743', '1', '10/06/2023', 'good');
INSERT INTO Do (doId, feedbackId, studentId, doStatus, doTime, doComment) VALUES ('119', '4', 'HE176810', '1', '10/06/2023', 'good');
INSERT INTO Do (doId, feedbackId, studentId, doStatus, doTime, doComment) VALUES ('120', '4', 'HE181414', '1', '10/06/2023', 'good');
INSERT INTO Do (doId, feedbackId, studentId, doStatus, doTime, doComment) VALUES ('121', '5', 'HE161285', '1', '10/06/2023', 'good');
INSERT INTO Do (doId, feedbackId, studentId, doStatus, doTime, doComment) VALUES ('122', '5', 'HE161816', '1', '10/06/2023', 'good');
INSERT INTO Do (doId, feedbackId, studentId, doStatus, doTime, doComment) VALUES ('123', '5', 'HE163067', '1', '10/06/2023', 'good');
INSERT INTO Do (doId, feedbackId, studentId, doStatus, doTime, doComment) VALUES ('124', '5', 'HE170011', '1', '10/06/2023', 'good');
INSERT INTO Do (doId, feedbackId, studentId, doStatus, doTime, doComment) VALUES ('125', '5', 'HE170167', '1', '10/06/2023', 'good');
INSERT INTO Do (doId, feedbackId, studentId, doStatus, doTime, doComment) VALUES ('126', '5', 'HE170273', '1', '10/06/2023', 'good');
INSERT INTO Do (doId, feedbackId, studentId, doStatus, doTime, doComment) VALUES ('127', '5', 'HE170301', '1', '10/06/2023', 'good');
INSERT INTO Do (doId, feedbackId, studentId, doStatus, doTime, doComment) VALUES ('128', '5', 'HE170415', '1', '10/06/2023', 'good');
INSERT INTO Do (doId, feedbackId, studentId, doStatus, doTime, doComment) VALUES ('129', '5', 'HE170607', '1', '10/06/2023', 'good');
INSERT INTO Do (doId, feedbackId, studentId, doStatus, doTime, doComment) VALUES ('130', '5', 'HE170622', '1', '10/06/2023', 'good');
INSERT INTO Do (doId, feedbackId, studentId, doStatus, doTime, doComment) VALUES ('131', '5', 'HE170631', '1', '10/06/2023', 'good');
INSERT INTO Do (doId, feedbackId, studentId, doStatus, doTime, doComment) VALUES ('132', '5', 'HE170724', '1', '10/06/2023', 'good');
INSERT INTO Do (doId, feedbackId, studentId, doStatus, doTime, doComment) VALUES ('133', '5', 'HE170960', '1', '10/06/2023', 'good');
INSERT INTO Do (doId, feedbackId, studentId, doStatus, doTime, doComment) VALUES ('134', '5', 'HE170999', '1', '10/06/2023', 'good');
INSERT INTO Do (doId, feedbackId, studentId, doStatus, doTime, doComment) VALUES ('135', '5', 'HE171312', '1', '10/06/2023', 'good');
INSERT INTO Do (doId, feedbackId, studentId, doStatus, doTime, doComment) VALUES ('136', '5', 'HE171411', '1', '10/06/2023', 'good');
INSERT INTO Do (doId, feedbackId, studentId, doStatus, doTime, doComment) VALUES ('137', '5', 'HE171540', '1', '10/06/2023', 'good');
INSERT INTO Do (doId, feedbackId, studentId, doStatus, doTime, doComment) VALUES ('138', '5', 'HE171628', '1', '10/06/2023', 'good');
INSERT INTO Do (doId, feedbackId, studentId, doStatus, doTime, doComment) VALUES ('139', '5', 'HE171865', '1', '10/06/2023', 'good');
INSERT INTO Do (doId, feedbackId, studentId, doStatus, doTime, doComment) VALUES ('140', '5', 'HE172037', '1', '10/06/2023', 'good');
INSERT INTO Do (doId, feedbackId, studentId, doStatus, doTime, doComment) VALUES ('141', '5', 'HE172748', '1', '10/06/2023', 'good');
INSERT INTO Do (doId, feedbackId, studentId, doStatus, doTime, doComment) VALUES ('142', '5', 'HE172838', '1', '10/06/2023', 'good');
INSERT INTO Do (doId, feedbackId, studentId, doStatus, doTime, doComment) VALUES ('143', '5', 'HE172848', '1', '10/06/2023', 'good');
INSERT INTO Do (doId, feedbackId, studentId, doStatus, doTime, doComment) VALUES ('144', '5', 'HE173248', '1', '10/06/2023', 'good');
INSERT INTO Do (doId, feedbackId, studentId, doStatus, doTime, doComment) VALUES ('145', '5', 'HE173588', '1', '10/06/2023', 'good');
INSERT INTO Do (doId, feedbackId, studentId, doStatus, doTime, doComment) VALUES ('146', '5', 'HE176077', '1', '10/06/2023', 'good');
INSERT INTO Do (doId, feedbackId, studentId, doStatus, doTime, doComment) VALUES ('147', '5', 'HE176087', '1', '10/06/2023', 'good');
INSERT INTO Do (doId, feedbackId, studentId, doStatus, doTime, doComment) VALUES ('148', '5', 'HE176169', '1', '10/06/2023', 'good');
INSERT INTO Do (doId, feedbackId, studentId, doStatus, doTime, doComment) VALUES ('149', '5', 'HE176420', '1', '10/06/2023', 'good');
INSERT INTO Do (doId, feedbackId, studentId, doStatus, doTime, doComment) VALUES ('150', '5', 'HE176882', '1', '10/06/2023', 'good');
INSERT INTO Do (doId, feedbackId, studentId, doStatus, doTime, doComment) VALUES ('151', '6', 'HE150732', '1', '10/06/2023', 'good');
INSERT INTO Do (doId, feedbackId, studentId, doStatus, doTime, doComment) VALUES ('152', '6', 'HE150998', '1', '10/06/2023', 'good');
INSERT INTO Do (doId, feedbackId, studentId, doStatus, doTime, doComment) VALUES ('153', '6', 'HE161224', '1', '10/06/2023', 'good');
INSERT INTO Do (doId, feedbackId, studentId, doStatus, doTime, doComment) VALUES ('154', '6', 'HE161597', '1', '10/06/2023', 'good');
INSERT INTO Do (doId, feedbackId, studentId, doStatus, doTime, doComment) VALUES ('155', '6', 'HE163629', '1', '10/06/2023', 'good');
INSERT INTO Do (doId, feedbackId, studentId, doStatus, doTime, doComment) VALUES ('156', '6', 'HE170089', '1', '10/06/2023', 'good');
INSERT INTO Do (doId, feedbackId, studentId, doStatus, doTime, doComment) VALUES ('157', '6', 'HE170685', '1', '10/06/2023', 'good');
INSERT INTO Do (doId, feedbackId, studentId, doStatus, doTime, doComment) VALUES ('158', '6', 'HE170793', '1', '10/06/2023', 'good');
INSERT INTO Do (doId, feedbackId, studentId, doStatus, doTime, doComment) VALUES ('159', '6', 'HE171358', '1', '10/06/2023', 'good');
INSERT INTO Do (doId, feedbackId, studentId, doStatus, doTime, doComment) VALUES ('160', '6', 'HE171394', '1', '10/06/2023', 'good');
INSERT INTO Do (doId, feedbackId, studentId, doStatus, doTime, doComment) VALUES ('161', '6', 'HE171421', '1', '10/06/2023', 'good');
INSERT INTO Do (doId, feedbackId, studentId, doStatus, doTime, doComment) VALUES ('162', '6', 'HE171552', '1', '10/06/2023', 'good');
INSERT INTO Do (doId, feedbackId, studentId, doStatus, doTime, doComment) VALUES ('163', '6', 'HE171908', '1', '10/06/2023', 'good');
INSERT INTO Do (doId, feedbackId, studentId, doStatus, doTime, doComment) VALUES ('164', '6', 'HE171915', '1', '10/06/2023', 'good');
INSERT INTO Do (doId, feedbackId, studentId, doStatus, doTime, doComment) VALUES ('165', '6', 'HE171916', '1', '10/06/2023', 'good');
INSERT INTO Do (doId, feedbackId, studentId, doStatus, doTime, doComment) VALUES ('166', '6', 'HE171990', '1', '10/06/2023', 'good');
INSERT INTO Do (doId, feedbackId, studentId, doStatus, doTime, doComment) VALUES ('167', '6', 'HE172180', '1', '10/06/2023', 'good');
INSERT INTO Do (doId, feedbackId, studentId, doStatus, doTime, doComment) VALUES ('168', '6', 'HE172280', '1', '10/06/2023', 'good');
INSERT INTO Do (doId, feedbackId, studentId, doStatus, doTime, doComment) VALUES ('169', '6', 'HE172313', '1', '10/06/2023', 'good');
INSERT INTO Do (doId, feedbackId, studentId, doStatus, doTime, doComment) VALUES ('170', '6', 'HE172435', '1', '10/06/2023', 'good');
INSERT INTO Do (doId, feedbackId, studentId, doStatus, doTime, doComment) VALUES ('171', '6', 'HE172527', '1', '10/06/2023', 'good');
INSERT INTO Do (doId, feedbackId, studentId, doStatus, doTime, doComment) VALUES ('172', '6', 'HE172538', '1', '10/06/2023', 'good');
INSERT INTO Do (doId, feedbackId, studentId, doStatus, doTime, doComment) VALUES ('173', '6', 'HE172702', '1', '10/06/2023', 'good');
INSERT INTO Do (doId, feedbackId, studentId, doStatus, doTime, doComment) VALUES ('174', '6', 'HE172737', '1', '10/06/2023', 'good');
INSERT INTO Do (doId, feedbackId, studentId, doStatus, doTime, doComment) VALUES ('175', '6', 'HE173401', '1', '10/06/2023', 'good');
INSERT INTO Do (doId, feedbackId, studentId, doStatus, doTime, doComment) VALUES ('176', '6', 'HE173457', '1', '10/06/2023', 'good');
INSERT INTO Do (doId, feedbackId, studentId, doStatus, doTime, doComment) VALUES ('177', '6', 'HE176211', '1', '10/06/2023', 'good');
INSERT INTO Do (doId, feedbackId, studentId, doStatus, doTime, doComment) VALUES ('178', '6', 'HE176279', '1', '10/06/2023', 'good');
INSERT INTO Do (doId, feedbackId, studentId, doStatus, doTime, doComment) VALUES ('179', '6', 'HE176633', '1', '10/06/2023', 'good');
INSERT INTO Do (doId, feedbackId, studentId, doStatus, doTime, doComment) VALUES ('180', '6', 'HE176747', '1', '10/06/2023', 'good');
INSERT INTO Do (doId, feedbackId, studentId, doStatus, doTime, doComment) VALUES ('181', '7', 'HE161302', '1', '10/06/2023', 'good');
INSERT INTO Do (doId, feedbackId, studentId, doStatus, doTime, doComment) VALUES ('182', '7', 'HE163675', '1', '10/06/2023', 'good');
INSERT INTO Do (doId, feedbackId, studentId, doStatus, doTime, doComment) VALUES ('183', '7', 'HE170059', '1', '10/06/2023', 'good');
INSERT INTO Do (doId, feedbackId, studentId, doStatus, doTime, doComment) VALUES ('184', '7', 'HE170141', '1', '10/06/2023', 'good');
INSERT INTO Do (doId, feedbackId, studentId, doStatus, doTime, doComment) VALUES ('185', '7', 'HE170176', '1', '10/06/2023', 'good');
INSERT INTO Do (doId, feedbackId, studentId, doStatus, doTime, doComment) VALUES ('186', '7', 'HE170262', '1', '10/06/2023', 'good');
INSERT INTO Do (doId, feedbackId, studentId, doStatus, doTime, doComment) VALUES ('187', '7', 'HE170318', '1', '10/06/2023', 'good');
INSERT INTO Do (doId, feedbackId, studentId, doStatus, doTime, doComment) VALUES ('188', '7', 'HE170416', '1', '10/06/2023', 'good');
INSERT INTO Do (doId, feedbackId, studentId, doStatus, doTime, doComment) VALUES ('189', '7', 'HE170481', '1', '10/06/2023', 'good');
INSERT INTO Do (doId, feedbackId, studentId, doStatus, doTime, doComment) VALUES ('190', '7', 'HE171285', '1', '10/06/2023', 'good');
INSERT INTO Do (doId, feedbackId, studentId, doStatus, doTime, doComment) VALUES ('191', '7', 'HE171377', '1', '10/06/2023', 'good');
INSERT INTO Do (doId, feedbackId, studentId, doStatus, doTime, doComment) VALUES ('192', '7', 'HE171511', '1', '10/06/2023', 'good');
INSERT INTO Do (doId, feedbackId, studentId, doStatus, doTime, doComment) VALUES ('193', '7', 'HE171558', '1', '10/06/2023', 'good');
INSERT INTO Do (doId, feedbackId, studentId, doStatus, doTime, doComment) VALUES ('194', '7', 'HE171827', '1', '10/06/2023', 'good');
INSERT INTO Do (doId, feedbackId, studentId, doStatus, doTime, doComment) VALUES ('195', '7', 'HE172058', '1', '10/06/2023', 'good');
INSERT INTO Do (doId, feedbackId, studentId, doStatus, doTime, doComment) VALUES ('196', '7', 'HE172063', '1', '10/06/2023', 'good');
INSERT INTO Do (doId, feedbackId, studentId, doStatus, doTime, doComment) VALUES ('197', '7', 'HE172083', '1', '10/06/2023', 'good');
INSERT INTO Do (doId, feedbackId, studentId, doStatus, doTime, doComment) VALUES ('198', '7', 'HE172084', '1', '10/06/2023', 'good');
INSERT INTO Do (doId, feedbackId, studentId, doStatus, doTime, doComment) VALUES ('199', '7', 'HE172163', '1', '10/06/2023', 'good');
INSERT INTO Do (doId, feedbackId, studentId, doStatus, doTime, doComment) VALUES ('200', '7', 'HE172262', '1', '10/06/2023', 'good');
INSERT INTO Do (doId, feedbackId, studentId, doStatus, doTime, doComment) VALUES ('201', '7', 'HE172386', '1', '10/06/2023', 'good');
INSERT INTO Do (doId, feedbackId, studentId, doStatus, doTime, doComment) VALUES ('202', '7', 'HE172398', '1', '10/06/2023', 'good');
INSERT INTO Do (doId, feedbackId, studentId, doStatus, doTime, doComment) VALUES ('203', '7', 'HE172460', '1', '10/06/2023', 'good');
INSERT INTO Do (doId, feedbackId, studentId, doStatus, doTime, doComment) VALUES ('204', '7', 'HE172467', '1', '10/06/2023', 'good');
INSERT INTO Do (doId, feedbackId, studentId, doStatus, doTime, doComment) VALUES ('205', '7', 'HE172568', '1', '10/06/2023', 'good');
INSERT INTO Do (doId, feedbackId, studentId, doStatus, doTime, doComment) VALUES ('206', '7', 'HE172610', '1', '10/06/2023', 'good');
INSERT INTO Do (doId, feedbackId, studentId, doStatus, doTime, doComment) VALUES ('207', '7', 'HE172717', '1', '10/06/2023', 'good');
INSERT INTO Do (doId, feedbackId, studentId, doStatus, doTime, doComment) VALUES ('208', '7', 'HE172787', '1', '10/06/2023', 'good');
INSERT INTO Do (doId, feedbackId, studentId, doStatus, doTime, doComment) VALUES ('209', '7', 'HE172851', '1', '10/06/2023', 'good');
INSERT INTO Do (doId, feedbackId, studentId, doStatus, doTime, doComment) VALUES ('210', '7', 'HS171380', '1', '10/06/2023', 'good');
INSERT INTO Do (doId, feedbackId, studentId, doStatus, doTime, doComment) VALUES ('211', '8', 'HE150271', '1', '10/06/2023', 'good');
INSERT INTO Do (doId, feedbackId, studentId, doStatus, doTime, doComment) VALUES ('212', '8', 'HE150862', '1', '10/06/2023', 'good');
INSERT INTO Do (doId, feedbackId, studentId, doStatus, doTime, doComment) VALUES ('213', '8', 'HE170646', '1', '10/06/2023', 'good');
INSERT INTO Do (doId, feedbackId, studentId, doStatus, doTime, doComment) VALUES ('214', '8', 'HE170662', '1', '10/06/2023', 'good');
INSERT INTO Do (doId, feedbackId, studentId, doStatus, doTime, doComment) VALUES ('215', '8', 'HE170738', '1', '10/06/2023', 'good');
INSERT INTO Do (doId, feedbackId, studentId, doStatus, doTime, doComment) VALUES ('216', '8', 'HE170800', '1', '10/06/2023', 'good');
INSERT INTO Do (doId, feedbackId, studentId, doStatus, doTime, doComment) VALUES ('217', '8', 'HE170827', '1', '10/06/2023', 'good');
INSERT INTO Do (doId, feedbackId, studentId, doStatus, doTime, doComment) VALUES ('218', '8', 'HE170995', '1', '10/06/2023', 'good');
INSERT INTO Do (doId, feedbackId, studentId, doStatus, doTime, doComment) VALUES ('219', '8', 'HE171110', '1', '10/06/2023', 'good');
INSERT INTO Do (doId, feedbackId, studentId, doStatus, doTime, doComment) VALUES ('220', '8', 'HE171364', '1', '10/06/2023', 'good');
INSERT INTO Do (doId, feedbackId, studentId, doStatus, doTime, doComment) VALUES ('221', '8', 'HE171534', '1', '10/06/2023', 'good');
INSERT INTO Do (doId, feedbackId, studentId, doStatus, doTime, doComment) VALUES ('222', '8', 'HE172014', '1', '10/06/2023', 'good');
INSERT INTO Do (doId, feedbackId, studentId, doStatus, doTime, doComment) VALUES ('223', '8', 'HE172264', '1', '10/06/2023', 'good');
INSERT INTO Do (doId, feedbackId, studentId, doStatus, doTime, doComment) VALUES ('224', '8', 'HE172372', '1', '10/06/2023', 'good');
INSERT INTO Do (doId, feedbackId, studentId, doStatus, doTime, doComment) VALUES ('225', '8', 'HE172701', '1', '10/06/2023', 'good');
INSERT INTO Do (doId, feedbackId, studentId, doStatus, doTime, doComment) VALUES ('226', '8', 'HE172717', '1', '10/06/2023', 'good');
INSERT INTO Do (doId, feedbackId, studentId, doStatus, doTime, doComment) VALUES ('227', '8', 'HE172726', '1', '10/06/2023', 'good');
INSERT INTO Do (doId, feedbackId, studentId, doStatus, doTime, doComment) VALUES ('228', '8', 'HE173209', '1', '10/06/2023', 'good');
INSERT INTO Do (doId, feedbackId, studentId, doStatus, doTime, doComment) VALUES ('229', '8', 'HE173235', '1', '10/06/2023', 'good');
INSERT INTO Do (doId, feedbackId, studentId, doStatus, doTime, doComment) VALUES ('230', '8', 'HE176292', '1', '10/06/2023', 'good');
INSERT INTO Do (doId, feedbackId, studentId, doStatus, doTime, doComment) VALUES ('231', '8', 'HE176767', '1', '10/06/2023', 'good');
INSERT INTO Do (doId, feedbackId, studentId, doStatus, doTime, doComment) VALUES ('232', '8', 'HE180542', '1', '10/06/2023', 'good');
INSERT INTO Do (doId, feedbackId, studentId, doStatus, doTime, doComment) VALUES ('233', '8', 'HE181024', '1', '10/06/2023', 'good');
INSERT INTO Do (doId, feedbackId, studentId, doStatus, doTime, doComment) VALUES ('234', '8', 'HE181266', '1', '10/06/2023', 'good');
INSERT INTO Do (doId, feedbackId, studentId, doStatus, doTime, doComment) VALUES ('235', '8', 'HE182276', '1', '10/06/2023', 'good');
INSERT INTO Do (doId, feedbackId, studentId, doStatus, doTime, doComment) VALUES ('236', '8', 'HE187276', '1', '10/06/2023', 'good');
INSERT INTO Do (doId, feedbackId, studentId, doStatus, doTime, doComment) VALUES ('237', '9', 'HE161469', '1', '10/06/2023', 'good');
INSERT INTO Do (doId, feedbackId, studentId, doStatus, doTime, doComment) VALUES ('238', '9', 'HE163233', '1', '10/06/2023', 'good');
INSERT INTO Do (doId, feedbackId, studentId, doStatus, doTime, doComment) VALUES ('239', '9', 'HE171163', '1', '10/06/2023', 'good');
INSERT INTO Do (doId, feedbackId, studentId, doStatus, doTime, doComment) VALUES ('240', '9', 'HE171403', '1', '10/06/2023', 'good');
INSERT INTO Do (doId, feedbackId, studentId, doStatus, doTime, doComment) VALUES ('241', '9', 'HE171408', '1', '10/06/2023', 'good');
INSERT INTO Do (doId, feedbackId, studentId, doStatus, doTime, doComment) VALUES ('242', '9', 'HE171590', '1', '10/06/2023', 'good');
INSERT INTO Do (doId, feedbackId, studentId, doStatus, doTime, doComment) VALUES ('243', '9', 'HE171985', '1', '10/06/2023', 'good');
INSERT INTO Do (doId, feedbackId, studentId, doStatus, doTime, doComment) VALUES ('244', '9', 'HE172734', '1', '10/06/2023', 'good');
INSERT INTO Do (doId, feedbackId, studentId, doStatus, doTime, doComment) VALUES ('245', '9', 'HE172742', '1', '10/06/2023', 'good');
INSERT INTO Do (doId, feedbackId, studentId, doStatus, doTime, doComment) VALUES ('246', '9', 'HE173033', '1', '10/06/2023', 'good');
INSERT INTO Do (doId, feedbackId, studentId, doStatus, doTime, doComment) VALUES ('247', '9', 'HE176187', '1', '10/06/2023', 'good');
INSERT INTO Do (doId, feedbackId, studentId, doStatus, doTime, doComment) VALUES ('248', '9', 'HE176230', '1', '10/06/2023', 'good');
INSERT INTO Do (doId, feedbackId, studentId, doStatus, doTime, doComment) VALUES ('249', '10', 'HE153487', '1', '10/06/2023', 'good');
INSERT INTO Do (doId, feedbackId, studentId, doStatus, doTime, doComment) VALUES ('250', '10', 'HE160021', '1', '10/06/2023', 'good');
INSERT INTO Do (doId, feedbackId, studentId, doStatus, doTime, doComment) VALUES ('251', '10', 'HE160120', '1', '10/06/2023', 'good');
INSERT INTO Do (doId, feedbackId, studentId, doStatus, doTime, doComment) VALUES ('252', '10', 'HE160277', '1', '10/06/2023', 'good');
INSERT INTO Do (doId, feedbackId, studentId, doStatus, doTime, doComment) VALUES ('253', '10', 'HE160533', '1', '10/06/2023', 'good');
INSERT INTO Do (doId, feedbackId, studentId, doStatus, doTime, doComment) VALUES ('254', '10', 'HE160623', '1', '10/06/2023', 'good');
INSERT INTO Do (doId, feedbackId, studentId, doStatus, doTime, doComment) VALUES ('255', '10', 'HE160639', '1', '10/06/2023', 'good');
INSERT INTO Do (doId, feedbackId, studentId, doStatus, doTime, doComment) VALUES ('256', '10', 'HE160854', '1', '10/06/2023', 'good');
INSERT INTO Do (doId, feedbackId, studentId, doStatus, doTime, doComment) VALUES ('257', '10', 'HE160866', '1', '10/06/2023', 'good');
INSERT INTO Do (doId, feedbackId, studentId, doStatus, doTime, doComment) VALUES ('258', '10', 'HE160929', '1', '10/06/2023', 'good');
INSERT INTO Do (doId, feedbackId, studentId, doStatus, doTime, doComment) VALUES ('259', '10', 'HE160982', '1', '10/06/2023', 'good');
INSERT INTO Do (doId, feedbackId, studentId, doStatus, doTime, doComment) VALUES ('260', '10', 'HE161234', '1', '10/06/2023', 'good');
INSERT INTO Do (doId, feedbackId, studentId, doStatus, doTime, doComment) VALUES ('261', '10', 'HE161475', '1', '10/06/2023', 'good');
INSERT INTO Do (doId, feedbackId, studentId, doStatus, doTime, doComment) VALUES ('262', '10', 'HE163040', '1', '10/06/2023', 'good');
INSERT INTO Do (doId, feedbackId, studentId, doStatus, doTime, doComment) VALUES ('263', '10', 'HE163063', '1', '10/06/2023', 'good');
INSERT INTO Do (doId, feedbackId, studentId, doStatus, doTime, doComment) VALUES ('264', '10', 'HE163083', '1', '10/06/2023', 'good');
INSERT INTO Do (doId, feedbackId, studentId, doStatus, doTime, doComment) VALUES ('265', '10', 'HE163158', '1', '10/06/2023', 'good');
INSERT INTO Do (doId, feedbackId, studentId, doStatus, doTime, doComment) VALUES ('266', '10', 'HE163166', '1', '10/06/2023', 'good');
INSERT INTO Do (doId, feedbackId, studentId, doStatus, doTime, doComment) VALUES ('267', '10', 'HE163193', '1', '10/06/2023', 'good');
INSERT INTO Do (doId, feedbackId, studentId, doStatus, doTime, doComment) VALUES ('268', '10', 'HE163249', '1', '10/06/2023', 'good');
INSERT INTO Do (doId, feedbackId, studentId, doStatus, doTime, doComment) VALUES ('269', '10', 'HE163283', '1', '10/06/2023', 'good');
INSERT INTO Do (doId, feedbackId, studentId, doStatus, doTime, doComment) VALUES ('270', '10', 'HE163359', '1', '10/06/2023', 'good');
INSERT INTO Do (doId, feedbackId, studentId, doStatus, doTime, doComment) VALUES ('271', '10', 'HE163397', '1', '10/06/2023', 'good');
INSERT INTO Do (doId, feedbackId, studentId, doStatus, doTime, doComment) VALUES ('272', '10', 'HE163500', '1', '10/06/2023', 'good');
INSERT INTO Do (doId, feedbackId, studentId, doStatus, doTime, doComment) VALUES ('273', '10', 'HE163639', '1', '10/06/2023', 'good');
INSERT INTO Do (doId, feedbackId, studentId, doStatus, doTime, doComment) VALUES ('274', '10', 'HE163653', '1', '10/06/2023', 'good');
INSERT INTO Do (doId, feedbackId, studentId, doStatus, doTime, doComment) VALUES ('275', '10', 'HE163774', '1', '10/06/2023', 'good');
INSERT INTO Do (doId, feedbackId, studentId, doStatus, doTime, doComment) VALUES ('276', '10', 'HE163906', '1', '10/06/2023', 'good');
INSERT INTO Do (doId, feedbackId, studentId, doStatus, doTime, doComment) VALUES ('277', '11', 'HE140339', '1', '10/06/2023', 'good');
INSERT INTO Do (doId, feedbackId, studentId, doStatus, doTime, doComment) VALUES ('278', '11', 'HE150282', '1', '10/06/2023', 'good');
INSERT INTO Do (doId, feedbackId, studentId, doStatus, doTime, doComment) VALUES ('279', '11', 'HE160625', '1', '10/06/2023', 'good');
INSERT INTO Do (doId, feedbackId, studentId, doStatus, doTime, doComment) VALUES ('280', '11', 'HE160682', '1', '10/06/2023', 'good');
INSERT INTO Do (doId, feedbackId, studentId, doStatus, doTime, doComment) VALUES ('281', '11', 'HE161469', '1', '10/06/2023', 'good');
INSERT INTO Do (doId, feedbackId, studentId, doStatus, doTime, doComment) VALUES ('282', '11', 'HE161861', '1', '10/06/2023', 'good');
INSERT INTO Do (doId, feedbackId, studentId, doStatus, doTime, doComment) VALUES ('283', '11', 'HE161875', '1', '10/06/2023', 'good');
INSERT INTO Do (doId, feedbackId, studentId, doStatus, doTime, doComment) VALUES ('284', '11', 'HE161882', '1', '10/06/2023', 'good');
INSERT INTO Do (doId, feedbackId, studentId, doStatus, doTime, doComment) VALUES ('285', '11', 'HE161918', '1', '10/06/2023', 'good');
INSERT INTO Do (doId, feedbackId, studentId, doStatus, doTime, doComment) VALUES ('286', '11', 'HE163001', '1', '10/06/2023', 'good');
INSERT INTO Do (doId, feedbackId, studentId, doStatus, doTime, doComment) VALUES ('287', '11', 'HE163146', '1', '10/06/2023', 'good');
INSERT INTO Do (doId, feedbackId, studentId, doStatus, doTime, doComment) VALUES ('288', '11', 'HE163154', '1', '10/06/2023', 'good');
INSERT INTO Do (doId, feedbackId, studentId, doStatus, doTime, doComment) VALUES ('289', '11', 'HE163233', '1', '10/06/2023', 'good');
INSERT INTO Do (doId, feedbackId, studentId, doStatus, doTime, doComment) VALUES ('290', '11', 'HE170051', '1', '10/06/2023', 'good');
INSERT INTO Do (doId, feedbackId, studentId, doStatus, doTime, doComment) VALUES ('291', '11', 'HE170245', '1', '10/06/2023', 'good');
INSERT INTO Do (doId, feedbackId, studentId, doStatus, doTime, doComment) VALUES ('292', '11', 'HE170422', '1', '10/06/2023', 'good');
INSERT INTO Do (doId, feedbackId, studentId, doStatus, doTime, doComment) VALUES ('293', '11', 'HE170428', '1', '10/06/2023', 'good');
INSERT INTO Do (doId, feedbackId, studentId, doStatus, doTime, doComment) VALUES ('294', '11', 'HE170444', '1', '10/06/2023', 'good');
INSERT INTO Do (doId, feedbackId, studentId, doStatus, doTime, doComment) VALUES ('295', '11', 'HE170842', '1', '10/06/2023', 'good');
INSERT INTO Do (doId, feedbackId, studentId, doStatus, doTime, doComment) VALUES ('296', '11', 'HE170863', '1', '10/06/2023', 'good');
INSERT INTO Do (doId, feedbackId, studentId, doStatus, doTime, doComment) VALUES ('297', '11', 'HE170907', '1', '10/06/2023', 'good');
INSERT INTO Do (doId, feedbackId, studentId, doStatus, doTime, doComment) VALUES ('298', '11', 'HE170996', '1', '10/06/2023', 'good');
INSERT INTO Do (doId, feedbackId, studentId, doStatus, doTime, doComment) VALUES ('299', '11', 'HE171071', '1', '10/06/2023', 'good');
INSERT INTO Do (doId, feedbackId, studentId, doStatus, doTime, doComment) VALUES ('300', '11', 'HE171073', '1', '10/06/2023', 'good');
INSERT INTO Do (doId, feedbackId, studentId, doStatus, doTime, doComment) VALUES ('301', '11', 'HE171162', '1', '10/06/2023', 'good');
INSERT INTO Do (doId, feedbackId, studentId, doStatus, doTime, doComment) VALUES ('302', '11', 'HE171163', '1', '10/06/2023', 'good');
INSERT INTO Do (doId, feedbackId, studentId, doStatus, doTime, doComment) VALUES ('303', '11', 'HE171403', '1', '10/06/2023', 'good');
INSERT INTO Do (doId, feedbackId, studentId, doStatus, doTime, doComment) VALUES ('304', '11', 'HE171408', '1', '10/06/2023', 'good');
INSERT INTO Do (doId, feedbackId, studentId, doStatus, doTime, doComment) VALUES ('305', '11', 'HE171442', '1', '10/06/2023', 'good');
INSERT INTO Do (doId, feedbackId, studentId, doStatus, doTime, doComment) VALUES ('306', '11', 'HE171482', '1', '10/06/2023', 'good');
INSERT INTO Do (doId, feedbackId, studentId, doStatus, doTime, doComment) VALUES ('307', '11', 'HE171590', '1', '10/06/2023', 'good');
INSERT INTO Do (doId, feedbackId, studentId, doStatus, doTime, doComment) VALUES ('308', '11', 'HE171687', '1', '10/06/2023', 'good');
INSERT INTO Do (doId, feedbackId, studentId, doStatus, doTime, doComment) VALUES ('309', '11', 'HE171851', '1', '10/06/2023', 'good');
INSERT INTO Do (doId, feedbackId, studentId, doStatus, doTime, doComment) VALUES ('310', '11', 'HE171985', '1', '10/06/2023', 'good');
INSERT INTO Do (doId, feedbackId, studentId, doStatus, doTime, doComment) VALUES ('311', '11', 'HE172734', '1', '10/06/2023', 'good');
INSERT INTO Do (doId, feedbackId, studentId, doStatus, doTime, doComment) VALUES ('312', '11', 'HE172742', '1', '10/06/2023', 'good');
INSERT INTO Do (doId, feedbackId, studentId, doStatus, doTime, doComment) VALUES ('313', '11', 'HE173033', '1', '10/06/2023', 'good');
INSERT INTO Do (doId, feedbackId, studentId, doStatus, doTime, doComment) VALUES ('314', '11', 'HE176160', '1', '10/06/2023', 'good');
INSERT INTO Do (doId, feedbackId, studentId, doStatus, doTime, doComment) VALUES ('315', '11', 'HE176182', '1', '10/06/2023', 'good');
INSERT INTO Do (doId, feedbackId, studentId, doStatus, doTime, doComment) VALUES ('316', '11', 'HE176187', '1', '10/06/2023', 'good');
INSERT INTO Do (doId, feedbackId, studentId, doStatus, doTime, doComment) VALUES ('317', '11', 'HE176230', '1', '10/06/2023', 'good');
INSERT INTO Do (doId, feedbackId, studentId, doStatus, doTime, doComment) VALUES ('318', '11', 'HE176586', '1', '10/06/2023', 'good');
INSERT INTO Do (doId, feedbackId, studentId, doStatus, doTime, doComment) VALUES ('319', '11', 'HE176697', '1', '10/06/2023', 'good');
INSERT INTO Do (doId, feedbackId, studentId, doStatus, doTime, doComment) VALUES ('320', '11', 'HE176751', '1', '10/06/2023', 'good');
INSERT INTO Do (doId, feedbackId, studentId, doStatus, doTime, doComment) VALUES ('321', '11', 'HS160715', '1', '10/06/2023', 'good');
INSERT INTO Do (doId, feedbackId, studentId, doStatus, doTime, doComment) VALUES ('322', '12', 'HE160071', '1', '10/06/2023', 'good');
INSERT INTO Do (doId, feedbackId, studentId, doStatus, doTime, doComment) VALUES ('323', '12', 'HE161357', '1', '10/06/2023', 'good');
INSERT INTO Do (doId, feedbackId, studentId, doStatus, doTime, doComment) VALUES ('324', '12', 'HE163146', '1', '10/06/2023', 'good');
INSERT INTO Do (doId, feedbackId, studentId, doStatus, doTime, doComment) VALUES ('325', '12', 'HE170051', '1', '10/06/2023', 'good');
INSERT INTO Do (doId, feedbackId, studentId, doStatus, doTime, doComment) VALUES ('326', '12', 'HE170245', '1', '10/06/2023', 'good');
INSERT INTO Do (doId, feedbackId, studentId, doStatus, doTime, doComment) VALUES ('327', '12', 'HE170422', '1', '10/06/2023', 'good');
INSERT INTO Do (doId, feedbackId, studentId, doStatus, doTime, doComment) VALUES ('328', '12', 'HE170428', '1', '10/06/2023', 'good');
INSERT INTO Do (doId, feedbackId, studentId, doStatus, doTime, doComment) VALUES ('329', '12', 'HE170444', '1', '10/06/2023', 'good');
INSERT INTO Do (doId, feedbackId, studentId, doStatus, doTime, doComment) VALUES ('330', '12', 'HE170533', '1', '10/06/2023', 'good');
INSERT INTO Do (doId, feedbackId, studentId, doStatus, doTime, doComment) VALUES ('331', '12', 'HE170842', '1', '10/06/2023', 'good');
INSERT INTO Do (doId, feedbackId, studentId, doStatus, doTime, doComment) VALUES ('332', '12', 'HE170863', '1', '10/06/2023', 'good');
INSERT INTO Do (doId, feedbackId, studentId, doStatus, doTime, doComment) VALUES ('333', '12', 'HE170907', '1', '10/06/2023', 'good');
INSERT INTO Do (doId, feedbackId, studentId, doStatus, doTime, doComment) VALUES ('334', '12', 'HE170996', '1', '10/06/2023', 'good');
INSERT INTO Do (doId, feedbackId, studentId, doStatus, doTime, doComment) VALUES ('335', '12', 'HE171071', '1', '10/06/2023', 'good');
INSERT INTO Do (doId, feedbackId, studentId, doStatus, doTime, doComment) VALUES ('336', '12', 'HE171073', '1', '10/06/2023', 'good');
INSERT INTO Do (doId, feedbackId, studentId, doStatus, doTime, doComment) VALUES ('337', '12', 'HE171162', '1', '10/06/2023', 'good');
INSERT INTO Do (doId, feedbackId, studentId, doStatus, doTime, doComment) VALUES ('338', '12', 'HE171442', '1', '10/06/2023', 'good');
INSERT INTO Do (doId, feedbackId, studentId, doStatus, doTime, doComment) VALUES ('339', '12', 'HE171482', '1', '10/06/2023', 'good');
INSERT INTO Do (doId, feedbackId, studentId, doStatus, doTime, doComment) VALUES ('340', '12', 'HE171578', '1', '10/06/2023', 'good');
INSERT INTO Do (doId, feedbackId, studentId, doStatus, doTime, doComment) VALUES ('341', '12', 'HE171687', '1', '10/06/2023', 'good');
INSERT INTO Do (doId, feedbackId, studentId, doStatus, doTime, doComment) VALUES ('342', '12', 'HE171851', '1', '10/06/2023', 'good');
INSERT INTO Do (doId, feedbackId, studentId, doStatus, doTime, doComment) VALUES ('343', '12', 'HE176182', '1', '10/06/2023', 'good');
INSERT INTO Do (doId, feedbackId, studentId, doStatus, doTime, doComment) VALUES ('344', '12', 'HE176697', '1', '10/06/2023', 'good');
INSERT INTO Do (doId, feedbackId, studentId, doStatus, doTime, doComment) VALUES ('345', '12', 'HE176751', '1', '10/06/2023', 'good');
INSERT INTO Do (doId, feedbackId, studentId, doStatus, doTime, doComment) VALUES ('346', '13', 'HE140639', '1', '10/06/2023', 'good');
INSERT INTO Do (doId, feedbackId, studentId, doStatus, doTime, doComment) VALUES ('347', '13', 'HE140842', '1', '10/06/2023', 'good');
INSERT INTO Do (doId, feedbackId, studentId, doStatus, doTime, doComment) VALUES ('348', '13', 'HE153206', '1', '10/06/2023', 'good');
INSERT INTO Do (doId, feedbackId, studentId, doStatus, doTime, doComment) VALUES ('349', '13', 'HE161139', '1', '10/06/2023', 'good');
INSERT INTO Do (doId, feedbackId, studentId, doStatus, doTime, doComment) VALUES ('350', '13', 'HE161357', '1', '10/06/2023', 'good');
INSERT INTO Do (doId, feedbackId, studentId, doStatus, doTime, doComment) VALUES ('351', '13', 'HE161481', '1', '10/06/2023', 'good');
INSERT INTO Do (doId, feedbackId, studentId, doStatus, doTime, doComment) VALUES ('352', '13', 'HE161512', '1', '10/06/2023', 'good');
INSERT INTO Do (doId, feedbackId, studentId, doStatus, doTime, doComment) VALUES ('353', '13', 'HE161733', '1', '10/06/2023', 'good');
INSERT INTO Do (doId, feedbackId, studentId, doStatus, doTime, doComment) VALUES ('354', '13', 'HE161869', '1', '10/06/2023', 'good');
INSERT INTO Do (doId, feedbackId, studentId, doStatus, doTime, doComment) VALUES ('355', '13', 'HE163146', '1', '10/06/2023', 'good');
INSERT INTO Do (doId, feedbackId, studentId, doStatus, doTime, doComment) VALUES ('356', '13', 'HE170051', '1', '10/06/2023', 'good');
INSERT INTO Do (doId, feedbackId, studentId, doStatus, doTime, doComment) VALUES ('357', '13', 'HE170245', '1', '10/06/2023', 'good');
INSERT INTO Do (doId, feedbackId, studentId, doStatus, doTime, doComment) VALUES ('358', '13', 'HE170422', '1', '10/06/2023', 'good');
INSERT INTO Do (doId, feedbackId, studentId, doStatus, doTime, doComment) VALUES ('359', '13', 'HE170428', '1', '10/06/2023', 'good');
INSERT INTO Do (doId, feedbackId, studentId, doStatus, doTime, doComment) VALUES ('360', '13', 'HE170444', '1', '10/06/2023', 'good');
INSERT INTO Do (doId, feedbackId, studentId, doStatus, doTime, doComment) VALUES ('361', '13', 'HE170842', '1', '10/06/2023', 'good');
INSERT INTO Do (doId, feedbackId, studentId, doStatus, doTime, doComment) VALUES ('362', '13', 'HE170863', '1', '10/06/2023', 'good');
INSERT INTO Do (doId, feedbackId, studentId, doStatus, doTime, doComment) VALUES ('363', '13', 'HE170907', '1', '10/06/2023', 'good');
INSERT INTO Do (doId, feedbackId, studentId, doStatus, doTime, doComment) VALUES ('364', '13', 'HE170996', '1', '10/06/2023', 'good');
INSERT INTO Do (doId, feedbackId, studentId, doStatus, doTime, doComment) VALUES ('365', '13', 'HE171071', '1', '10/06/2023', 'good');
INSERT INTO Do (doId, feedbackId, studentId, doStatus, doTime, doComment) VALUES ('366', '13', 'HE171073', '1', '10/06/2023', 'good');
INSERT INTO Do (doId, feedbackId, studentId, doStatus, doTime, doComment) VALUES ('367', '13', 'HE171162', '1', '10/06/2023', 'good');
INSERT INTO Do (doId, feedbackId, studentId, doStatus, doTime, doComment) VALUES ('368', '13', 'HE171442', '1', '10/06/2023', 'good');
INSERT INTO Do (doId, feedbackId, studentId, doStatus, doTime, doComment) VALUES ('369', '13', 'HE171482', '1', '10/06/2023', 'good');
INSERT INTO Do (doId, feedbackId, studentId, doStatus, doTime, doComment) VALUES ('370', '13', 'HE171687', '1', '10/06/2023', 'good');
INSERT INTO Do (doId, feedbackId, studentId, doStatus, doTime, doComment) VALUES ('371', '13', 'HE171851', '1', '10/06/2023', 'good');
INSERT INTO Do (doId, feedbackId, studentId, doStatus, doTime, doComment) VALUES ('372', '13', 'HE171865', '1', '10/06/2023', 'good');
INSERT INTO Do (doId, feedbackId, studentId, doStatus, doTime, doComment) VALUES ('373', '13', 'HE176182', '1', '10/06/2023', 'good');
INSERT INTO Do (doId, feedbackId, studentId, doStatus, doTime, doComment) VALUES ('374', '13', 'HE176697', '1', '10/06/2023', 'good');
INSERT INTO Do (doId, feedbackId, studentId, doStatus, doTime, doComment) VALUES ('375', '13', 'HE176751', '1', '10/06/2023', 'good');
INSERT INTO Do (doId, feedbackId, studentId, doStatus, doTime, doComment) VALUES ('376', '14', 'HE153263', '1', '10/06/2023', 'good');
INSERT INTO Do (doId, feedbackId, studentId, doStatus, doTime, doComment) VALUES ('377', '14', 'HE153535', '1', '10/06/2023', 'good');
INSERT INTO Do (doId, feedbackId, studentId, doStatus, doTime, doComment) VALUES ('378', '14', 'HE160914', '1', '10/06/2023', 'good');
INSERT INTO Do (doId, feedbackId, studentId, doStatus, doTime, doComment) VALUES ('379', '14', 'HE161145', '1', '10/06/2023', 'good');
INSERT INTO Do (doId, feedbackId, studentId, doStatus, doTime, doComment) VALUES ('380', '14', 'HE161357', '1', '10/06/2023', 'good');
INSERT INTO Do (doId, feedbackId, studentId, doStatus, doTime, doComment) VALUES ('381', '14', 'HE161544', '1', '10/06/2023', 'good');
INSERT INTO Do (doId, feedbackId, studentId, doStatus, doTime, doComment) VALUES ('382', '14', 'HE161706', '1', '10/06/2023', 'good');
INSERT INTO Do (doId, feedbackId, studentId, doStatus, doTime, doComment) VALUES ('383', '14', 'HE161800', '1', '10/06/2023', 'good');
INSERT INTO Do (doId, feedbackId, studentId, doStatus, doTime, doComment) VALUES ('384', '14', 'HE161832', '1', '10/06/2023', 'good');
INSERT INTO Do (doId, feedbackId, studentId, doStatus, doTime, doComment) VALUES ('385', '14', 'HE163146', '1', '10/06/2023', 'good');
INSERT INTO Do (doId, feedbackId, studentId, doStatus, doTime, doComment) VALUES ('386', '14', 'HE170051', '1', '10/06/2023', 'good');
INSERT INTO Do (doId, feedbackId, studentId, doStatus, doTime, doComment) VALUES ('387', '14', 'HE170245', '1', '10/06/2023', 'good');
INSERT INTO Do (doId, feedbackId, studentId, doStatus, doTime, doComment) VALUES ('388', '14', 'HE170422', '1', '10/06/2023', 'good');
INSERT INTO Do (doId, feedbackId, studentId, doStatus, doTime, doComment) VALUES ('389', '14', 'HE170428', '1', '10/06/2023', 'good');
INSERT INTO Do (doId, feedbackId, studentId, doStatus, doTime, doComment) VALUES ('390', '14', 'HE170444', '1', '10/06/2023', 'good');
INSERT INTO Do (doId, feedbackId, studentId, doStatus, doTime, doComment) VALUES ('391', '14', 'HE170842', '1', '10/06/2023', 'good');
INSERT INTO Do (doId, feedbackId, studentId, doStatus, doTime, doComment) VALUES ('392', '14', 'HE170863', '1', '10/06/2023', 'good');
INSERT INTO Do (doId, feedbackId, studentId, doStatus, doTime, doComment) VALUES ('393', '14', 'HE170907', '1', '10/06/2023', 'good');
INSERT INTO Do (doId, feedbackId, studentId, doStatus, doTime, doComment) VALUES ('394', '14', 'HE170996', '1', '10/06/2023', 'good');
INSERT INTO Do (doId, feedbackId, studentId, doStatus, doTime, doComment) VALUES ('395', '14', 'HE171071', '1', '10/06/2023', 'good');
INSERT INTO Do (doId, feedbackId, studentId, doStatus, doTime, doComment) VALUES ('396', '14', 'HE171073', '1', '10/06/2023', 'good');
INSERT INTO Do (doId, feedbackId, studentId, doStatus, doTime, doComment) VALUES ('397', '14', 'HE171162', '1', '10/06/2023', 'good');
INSERT INTO Do (doId, feedbackId, studentId, doStatus, doTime, doComment) VALUES ('398', '14', 'HE171442', '1', '10/06/2023', 'good');
INSERT INTO Do (doId, feedbackId, studentId, doStatus, doTime, doComment) VALUES ('399', '14', 'HE171482', '1', '10/06/2023', 'good');
INSERT INTO Do (doId, feedbackId, studentId, doStatus, doTime, doComment) VALUES ('400', '14', 'HE171687', '1', '10/06/2023', 'good');
INSERT INTO Do (doId, feedbackId, studentId, doStatus, doTime, doComment) VALUES ('401', '14', 'HE171851', '1', '10/06/2023', 'good');
INSERT INTO Do (doId, feedbackId, studentId, doStatus, doTime, doComment) VALUES ('402', '14', 'HE171865', '1', '10/06/2023', 'good');
INSERT INTO Do (doId, feedbackId, studentId, doStatus, doTime, doComment) VALUES ('403', '14', 'HE176182', '1', '10/06/2023', 'good');
INSERT INTO Do (doId, feedbackId, studentId, doStatus, doTime, doComment) VALUES ('404', '14', 'HE176697', '1', '10/06/2023', 'good');
INSERT INTO Do (doId, feedbackId, studentId, doStatus, doTime, doComment) VALUES ('405', '14', 'HE176751', '1', '10/06/2023', 'good');
INSERT INTO Do (doId, feedbackId, studentId, doStatus, doTime, doComment) VALUES ('406', '15', 'HE150057', '1', '10/06/2023', 'good');
INSERT INTO Do (doId, feedbackId, studentId, doStatus, doTime, doComment) VALUES ('407', '15', 'HE151095', '1', '10/06/2023', 'good');
INSERT INTO Do (doId, feedbackId, studentId, doStatus, doTime, doComment) VALUES ('408', '15', 'HE153206', '1', '10/06/2023', 'good');
INSERT INTO Do (doId, feedbackId, studentId, doStatus, doTime, doComment) VALUES ('409', '15', 'HE160694', '1', '10/06/2023', 'good');
INSERT INTO Do (doId, feedbackId, studentId, doStatus, doTime, doComment) VALUES ('410', '15', 'HE161357', '1', '10/06/2023', 'good');
INSERT INTO Do (doId, feedbackId, studentId, doStatus, doTime, doComment) VALUES ('411', '15', 'HE161795', '1', '10/06/2023', 'good');
INSERT INTO Do (doId, feedbackId, studentId, doStatus, doTime, doComment) VALUES ('412', '15', 'HE163146', '1', '10/06/2023', 'good');
INSERT INTO Do (doId, feedbackId, studentId, doStatus, doTime, doComment) VALUES ('413', '15', 'HE164035', '1', '10/06/2023', 'good');
INSERT INTO Do (doId, feedbackId, studentId, doStatus, doTime, doComment) VALUES ('414', '15', 'HE170051', '1', '10/06/2023', 'good');
INSERT INTO Do (doId, feedbackId, studentId, doStatus, doTime, doComment) VALUES ('415', '15', 'HE170245', '1', '10/06/2023', 'good');
INSERT INTO Do (doId, feedbackId, studentId, doStatus, doTime, doComment) VALUES ('416', '15', 'HE170422', '1', '10/06/2023', 'good');
INSERT INTO Do (doId, feedbackId, studentId, doStatus, doTime, doComment) VALUES ('417', '15', 'HE170428', '1', '10/06/2023', 'good');
INSERT INTO Do (doId, feedbackId, studentId, doStatus, doTime, doComment) VALUES ('418', '15', 'HE170444', '1', '10/06/2023', 'good');
INSERT INTO Do (doId, feedbackId, studentId, doStatus, doTime, doComment) VALUES ('419', '15', 'HE170533', '1', '10/06/2023', 'good');
INSERT INTO Do (doId, feedbackId, studentId, doStatus, doTime, doComment) VALUES ('420', '15', 'HE170842', '1', '10/06/2023', 'good');
INSERT INTO Do (doId, feedbackId, studentId, doStatus, doTime, doComment) VALUES ('421', '15', 'HE170863', '1', '10/06/2023', 'good');
INSERT INTO Do (doId, feedbackId, studentId, doStatus, doTime, doComment) VALUES ('422', '15', 'HE170907', '1', '10/06/2023', 'good');
INSERT INTO Do (doId, feedbackId, studentId, doStatus, doTime, doComment) VALUES ('423', '15', 'HE170996', '1', '10/06/2023', 'good');
INSERT INTO Do (doId, feedbackId, studentId, doStatus, doTime, doComment) VALUES ('424', '15', 'HE171071', '1', '10/06/2023', 'good');
INSERT INTO Do (doId, feedbackId, studentId, doStatus, doTime, doComment) VALUES ('425', '15', 'HE171073', '1', '10/06/2023', 'good');
INSERT INTO Do (doId, feedbackId, studentId, doStatus, doTime, doComment) VALUES ('426', '15', 'HE171162', '1', '10/06/2023', 'good');
INSERT INTO Do (doId, feedbackId, studentId, doStatus, doTime, doComment) VALUES ('427', '15', 'HE171442', '1', '10/06/2023', 'good');
INSERT INTO Do (doId, feedbackId, studentId, doStatus, doTime, doComment) VALUES ('428', '15', 'HE171482', '1', '10/06/2023', 'good');
INSERT INTO Do (doId, feedbackId, studentId, doStatus, doTime, doComment) VALUES ('429', '15', 'HE171578', '1', '10/06/2023', 'good');
INSERT INTO Do (doId, feedbackId, studentId, doStatus, doTime, doComment) VALUES ('430', '15', 'HE171687', '1', '10/06/2023', 'good');
INSERT INTO Do (doId, feedbackId, studentId, doStatus, doTime, doComment) VALUES ('431', '15', 'HE171851', '1', '10/06/2023', 'good');
INSERT INTO Do (doId, feedbackId, studentId, doStatus, doTime, doComment) VALUES ('432', '15', 'HE171865', '1', '10/06/2023', 'good');
INSERT INTO Do (doId, feedbackId, studentId, doStatus, doTime, doComment) VALUES ('433', '15', 'HE176182', '1', '10/06/2023', 'good');
INSERT INTO Do (doId, feedbackId, studentId, doStatus, doTime, doComment) VALUES ('434', '15', 'HE176697', '1', '10/06/2023', 'good');
INSERT INTO Do (doId, feedbackId, studentId, doStatus, doTime, doComment) VALUES ('435', '15', 'HE176751', '1', '10/06/2023', 'good');
INSERT INTO Do (doId, feedbackId, studentId, doStatus, doTime, doComment) VALUES ('436', '15', 'SE03520', '1', '10/06/2023', 'good');
INSERT INTO Do (doId, feedbackId, studentId, doStatus, doTime, doComment) VALUES ('437', '15', 'SE04495', '1', '10/06/2023', 'good');

INSERT INTO Do (doId, feedbackId, studentId, doStatus) VALUES ('438', '16', 'DE170703', '0');
INSERT INTO Do (doId, feedbackId, studentId, doStatus) VALUES ('439', '16', 'HE153678', '0');
INSERT INTO Do (doId, feedbackId, studentId, doStatus) VALUES ('440', '16', 'HE161700', '0');
INSERT INTO Do (doId, feedbackId, studentId, doStatus) VALUES ('441', '16', 'HE161706', '0');
INSERT INTO Do (doId, feedbackId, studentId, doStatus) VALUES ('442', '16', 'HE161755', '0');
INSERT INTO Do (doId, feedbackId, studentId, doStatus) VALUES ('443', '16', 'HE163415', '0');
INSERT INTO Do (doId, feedbackId, studentId, doStatus) VALUES ('444', '16', 'HE163635', '0');
INSERT INTO Do (doId, feedbackId, studentId, doStatus) VALUES ('445', '16', 'HE164044', '0');
INSERT INTO Do (doId, feedbackId, studentId, doStatus) VALUES ('446', '16', 'HE170072', '0');
INSERT INTO Do (doId, feedbackId, studentId, doStatus) VALUES ('447', '16', 'HE170180', '0');
INSERT INTO Do (doId, feedbackId, studentId, doStatus) VALUES ('448', '16', 'HE170201', '0');
INSERT INTO Do (doId, feedbackId, studentId, doStatus) VALUES ('449', '16', 'HE170203', '0');
INSERT INTO Do (doId, feedbackId, studentId, doStatus) VALUES ('450', '16', 'HE170420', '0');
INSERT INTO Do (doId, feedbackId, studentId, doStatus) VALUES ('451', '16', 'HE170595', '0');
INSERT INTO Do (doId, feedbackId, studentId, doStatus) VALUES ('452', '16', 'HE171098', '0');
INSERT INTO Do (doId, feedbackId, studentId, doStatus) VALUES ('453', '16', 'HE171319', '0');
INSERT INTO Do (doId, feedbackId, studentId, doStatus) VALUES ('454', '16', 'HE171320', '0');
INSERT INTO Do (doId, feedbackId, studentId, doStatus) VALUES ('455', '16', 'HE171416', '0');
INSERT INTO Do (doId, feedbackId, studentId, doStatus) VALUES ('456', '16', 'HE171702', '0');
INSERT INTO Do (doId, feedbackId, studentId, doStatus) VALUES ('457', '16', 'HE171937', '0');
INSERT INTO Do (doId, feedbackId, studentId, doStatus) VALUES ('458', '16', 'HE172032', '0');
INSERT INTO Do (doId, feedbackId, studentId, doStatus) VALUES ('459', '16', 'HE173037', '0');
INSERT INTO Do (doId, feedbackId, studentId, doStatus) VALUES ('460', '16', 'HE173046', '0');
INSERT INTO Do (doId, feedbackId, studentId, doStatus) VALUES ('461', '16', 'HE176640', '0');
INSERT INTO Do (doId, feedbackId, studentId, doStatus) VALUES ('462', '16', 'HE181829', '0');
INSERT INTO Do (doId, feedbackId, studentId, doStatus) VALUES ('463', '16', 'HE181879', '0');
INSERT INTO Do (doId, feedbackId, studentId, doStatus) VALUES ('464', '16', 'HS170024', '0');
INSERT INTO Do (doId, feedbackId, studentId, doStatus) VALUES ('465', '16', 'HS170726', '0');
INSERT INTO Do (doId, feedbackId, studentId, doStatus) VALUES ('466', '16', 'HS173175', '0');
INSERT INTO Do (doId, feedbackId, studentId, doStatus) VALUES ('467', '16', 'HS176033', '0');
INSERT INTO Do (doId, feedbackId, studentId, doStatus) VALUES ('468', '17', 'HE161232', '0');
INSERT INTO Do (doId, feedbackId, studentId, doStatus) VALUES ('469', '17', 'HE161643', '0');
INSERT INTO Do (doId, feedbackId, studentId, doStatus) VALUES ('470', '17', 'HE163665', '0');
INSERT INTO Do (doId, feedbackId, studentId, doStatus) VALUES ('471', '17', 'HE170123', '0');
INSERT INTO Do (doId, feedbackId, studentId, doStatus) VALUES ('472', '17', 'HE170268', '0');
INSERT INTO Do (doId, feedbackId, studentId, doStatus) VALUES ('473', '17', 'HE170302', '0');
INSERT INTO Do (doId, feedbackId, studentId, doStatus) VALUES ('474', '17', 'HE170314', '0');
INSERT INTO Do (doId, feedbackId, studentId, doStatus) VALUES ('475', '17', 'HE170317', '0');
INSERT INTO Do (doId, feedbackId, studentId, doStatus) VALUES ('476', '17', 'HE170617', '0');
INSERT INTO Do (doId, feedbackId, studentId, doStatus) VALUES ('477', '17', 'HE171209', '0');
INSERT INTO Do (doId, feedbackId, studentId, doStatus) VALUES ('478', '17', 'HE171310', '0');
INSERT INTO Do (doId, feedbackId, studentId, doStatus) VALUES ('479', '17', 'HE171883', '0');
INSERT INTO Do (doId, feedbackId, studentId, doStatus) VALUES ('480', '17', 'HE172207', '0');
INSERT INTO Do (doId, feedbackId, studentId, doStatus) VALUES ('481', '17', 'HE172366', '0');
INSERT INTO Do (doId, feedbackId, studentId, doStatus) VALUES ('482', '17', 'HE172533', '0');
INSERT INTO Do (doId, feedbackId, studentId, doStatus) VALUES ('483', '17', 'HE172693', '0');
INSERT INTO Do (doId, feedbackId, studentId, doStatus) VALUES ('484', '17', 'HE172802', '0');
INSERT INTO Do (doId, feedbackId, studentId, doStatus) VALUES ('485', '17', 'HE173328', '0');
INSERT INTO Do (doId, feedbackId, studentId, doStatus) VALUES ('486', '17', 'HE173373', '0');
INSERT INTO Do (doId, feedbackId, studentId, doStatus) VALUES ('487', '17', 'HE173476', '0');
INSERT INTO Do (doId, feedbackId, studentId, doStatus) VALUES ('488', '17', 'HE173489', '0');
INSERT INTO Do (doId, feedbackId, studentId, doStatus) VALUES ('489', '17', 'HE176275', '0');
INSERT INTO Do (doId, feedbackId, studentId, doStatus) VALUES ('490', '17', 'HE176282', '0');
INSERT INTO Do (doId, feedbackId, studentId, doStatus) VALUES ('491', '17', 'HE176285', '0');
INSERT INTO Do (doId, feedbackId, studentId, doStatus) VALUES ('492', '17', 'HE176346', '0');
INSERT INTO Do (doId, feedbackId, studentId, doStatus) VALUES ('493', '17', 'HE176360', '0');
INSERT INTO Do (doId, feedbackId, studentId, doStatus) VALUES ('494', '17', 'HE176603', '0');
INSERT INTO Do (doId, feedbackId, studentId, doStatus) VALUES ('495', '17', 'HE176686', '0');
INSERT INTO Do (doId, feedbackId, studentId, doStatus) VALUES ('496', '17', 'HE176834', '0');
INSERT INTO Do (doId, feedbackId, studentId, doStatus) VALUES ('497', '18', 'HE130464', '0');
INSERT INTO Do (doId, feedbackId, studentId, doStatus) VALUES ('498', '18', 'HE170038', '0');
INSERT INTO Do (doId, feedbackId, studentId, doStatus) VALUES ('499', '18', 'HE170351', '0');
INSERT INTO Do (doId, feedbackId, studentId, doStatus) VALUES ('500', '18', 'HE170436', '0');
INSERT INTO Do (doId, feedbackId, studentId, doStatus) VALUES ('501', '18', 'HE170459', '0');
INSERT INTO Do (doId, feedbackId, studentId, doStatus) VALUES ('502', '18', 'HE170593', '0');
INSERT INTO Do (doId, feedbackId, studentId, doStatus) VALUES ('503', '18', 'HE170625', '0');
INSERT INTO Do (doId, feedbackId, studentId, doStatus) VALUES ('504', '18', 'HE170663', '0');
INSERT INTO Do (doId, feedbackId, studentId, doStatus) VALUES ('505', '18', 'HE170704', '0');
INSERT INTO Do (doId, feedbackId, studentId, doStatus) VALUES ('506', '18', 'HE170855', '0');
INSERT INTO Do (doId, feedbackId, studentId, doStatus) VALUES ('507', '18', 'HE170911', '0');
INSERT INTO Do (doId, feedbackId, studentId, doStatus) VALUES ('508', '18', 'HE170913', '0');
INSERT INTO Do (doId, feedbackId, studentId, doStatus) VALUES ('509', '18', 'HE170966', '0');
INSERT INTO Do (doId, feedbackId, studentId, doStatus) VALUES ('510', '18', 'HE171112', '0');
INSERT INTO Do (doId, feedbackId, studentId, doStatus) VALUES ('511', '18', 'HE171116', '0');
INSERT INTO Do (doId, feedbackId, studentId, doStatus) VALUES ('512', '18', 'HE171153', '0');
INSERT INTO Do (doId, feedbackId, studentId, doStatus) VALUES ('513', '18', 'HE171271', '0');
INSERT INTO Do (doId, feedbackId, studentId, doStatus) VALUES ('514', '18', 'HE171494', '0');
INSERT INTO Do (doId, feedbackId, studentId, doStatus) VALUES ('515', '18', 'HE171519', '0');
INSERT INTO Do (doId, feedbackId, studentId, doStatus) VALUES ('516', '18', 'HE171547', '0');
INSERT INTO Do (doId, feedbackId, studentId, doStatus) VALUES ('517', '18', 'HE171589', '0');
INSERT INTO Do (doId, feedbackId, studentId, doStatus) VALUES ('518', '18', 'HE171601', '0');
INSERT INTO Do (doId, feedbackId, studentId, doStatus) VALUES ('519', '18', 'HE172039', '0');
INSERT INTO Do (doId, feedbackId, studentId, doStatus) VALUES ('520', '18', 'HE172040', '0');
INSERT INTO Do (doId, feedbackId, studentId, doStatus) VALUES ('521', '18', 'HE172095', '0');
INSERT INTO Do (doId, feedbackId, studentId, doStatus) VALUES ('522', '18', 'HE172175', '0');
INSERT INTO Do (doId, feedbackId, studentId, doStatus) VALUES ('523', '18', 'HE172860', '0');
INSERT INTO Do (doId, feedbackId, studentId, doStatus) VALUES ('524', '18', 'HE172875', '0');
INSERT INTO Do (doId, feedbackId, studentId, doStatus) VALUES ('525', '18', 'HE176347', '0');
INSERT INTO Do (doId, feedbackId, studentId, doStatus) VALUES ('526', '18', 'HE176485', '0');
INSERT INTO Do (doId, feedbackId, studentId, doStatus) VALUES ('527', '18', 'HE176673', '0');
INSERT INTO Do (doId, feedbackId, studentId, doStatus) VALUES ('528', '19', 'HE151390', '0');
INSERT INTO Do (doId, feedbackId, studentId, doStatus) VALUES ('529', '19', 'HE161152', '0');
INSERT INTO Do (doId, feedbackId, studentId, doStatus) VALUES ('530', '19', 'HE161165', '0');
INSERT INTO Do (doId, feedbackId, studentId, doStatus) VALUES ('531', '19', 'HE161181', '0');
INSERT INTO Do (doId, feedbackId, studentId, doStatus) VALUES ('532', '19', 'HE163891', '0');
INSERT INTO Do (doId, feedbackId, studentId, doStatus) VALUES ('533', '19', 'HE164019', '0');
INSERT INTO Do (doId, feedbackId, studentId, doStatus) VALUES ('534', '19', 'HE170012', '0');
INSERT INTO Do (doId, feedbackId, studentId, doStatus) VALUES ('535', '19', 'HE170027', '0');
INSERT INTO Do (doId, feedbackId, studentId, doStatus) VALUES ('536', '19', 'HE170147', '0');
INSERT INTO Do (doId, feedbackId, studentId, doStatus) VALUES ('537', '19', 'HE171284', '0');
INSERT INTO Do (doId, feedbackId, studentId, doStatus) VALUES ('538', '19', 'HE171454', '0');
INSERT INTO Do (doId, feedbackId, studentId, doStatus) VALUES ('539', '19', 'HE171518', '0');
INSERT INTO Do (doId, feedbackId, studentId, doStatus) VALUES ('540', '19', 'HE171587', '0');
INSERT INTO Do (doId, feedbackId, studentId, doStatus) VALUES ('541', '19', 'HE171927', '0');
INSERT INTO Do (doId, feedbackId, studentId, doStatus) VALUES ('542', '19', 'HE172073', '0');
INSERT INTO Do (doId, feedbackId, studentId, doStatus) VALUES ('543', '19', 'HE172273', '0');
INSERT INTO Do (doId, feedbackId, studentId, doStatus) VALUES ('544', '19', 'HE172339', '0');
INSERT INTO Do (doId, feedbackId, studentId, doStatus) VALUES ('545', '19', 'HE172486', '0');
INSERT INTO Do (doId, feedbackId, studentId, doStatus) VALUES ('546', '19', 'HE172517', '0');
INSERT INTO Do (doId, feedbackId, studentId, doStatus) VALUES ('547', '19', 'HE172525', '0');
INSERT INTO Do (doId, feedbackId, studentId, doStatus) VALUES ('548', '19', 'HE172826', '0');
INSERT INTO Do (doId, feedbackId, studentId, doStatus) VALUES ('549', '19', 'HE173222', '0');
INSERT INTO Do (doId, feedbackId, studentId, doStatus) VALUES ('550', '19', 'HE173258', '0');
INSERT INTO Do (doId, feedbackId, studentId, doStatus) VALUES ('551', '19', 'HE176027', '0');
INSERT INTO Do (doId, feedbackId, studentId, doStatus) VALUES ('552', '19', 'HE176125', '0');
INSERT INTO Do (doId, feedbackId, studentId, doStatus) VALUES ('553', '19', 'HE176256', '0');
INSERT INTO Do (doId, feedbackId, studentId, doStatus) VALUES ('554', '19', 'HE176715', '0');
INSERT INTO Do (doId, feedbackId, studentId, doStatus) VALUES ('555', '19', 'HE176743', '0');
INSERT INTO Do (doId, feedbackId, studentId, doStatus) VALUES ('556', '19', 'HE176810', '0');
INSERT INTO Do (doId, feedbackId, studentId, doStatus) VALUES ('557', '19', 'HE181414', '0');
INSERT INTO Do (doId, feedbackId, studentId, doStatus) VALUES ('558', '20', 'HE161285', '0');
INSERT INTO Do (doId, feedbackId, studentId, doStatus) VALUES ('559', '20', 'HE161816', '0');
INSERT INTO Do (doId, feedbackId, studentId, doStatus) VALUES ('560', '20', 'HE163067', '0');
INSERT INTO Do (doId, feedbackId, studentId, doStatus) VALUES ('561', '20', 'HE170011', '0');
INSERT INTO Do (doId, feedbackId, studentId, doStatus) VALUES ('562', '20', 'HE170167', '0');
INSERT INTO Do (doId, feedbackId, studentId, doStatus) VALUES ('563', '20', 'HE170273', '0');
INSERT INTO Do (doId, feedbackId, studentId, doStatus) VALUES ('564', '20', 'HE170301', '0');
INSERT INTO Do (doId, feedbackId, studentId, doStatus) VALUES ('565', '20', 'HE170415', '0');
INSERT INTO Do (doId, feedbackId, studentId, doStatus) VALUES ('566', '20', 'HE170607', '0');
INSERT INTO Do (doId, feedbackId, studentId, doStatus) VALUES ('567', '20', 'HE170622', '0');
INSERT INTO Do (doId, feedbackId, studentId, doStatus) VALUES ('568', '20', 'HE170631', '0');
INSERT INTO Do (doId, feedbackId, studentId, doStatus) VALUES ('569', '20', 'HE170724', '0');
INSERT INTO Do (doId, feedbackId, studentId, doStatus) VALUES ('570', '20', 'HE170960', '0');
INSERT INTO Do (doId, feedbackId, studentId, doStatus) VALUES ('571', '20', 'HE170999', '0');
INSERT INTO Do (doId, feedbackId, studentId, doStatus) VALUES ('572', '20', 'HE171312', '0');
INSERT INTO Do (doId, feedbackId, studentId, doStatus) VALUES ('573', '20', 'HE171411', '0');
INSERT INTO Do (doId, feedbackId, studentId, doStatus) VALUES ('574', '20', 'HE171540', '0');
INSERT INTO Do (doId, feedbackId, studentId, doStatus) VALUES ('575', '20', 'HE171628', '0');
INSERT INTO Do (doId, feedbackId, studentId, doStatus) VALUES ('576', '20', 'HE171865', '0');
INSERT INTO Do (doId, feedbackId, studentId, doStatus) VALUES ('577', '20', 'HE172037', '0');
INSERT INTO Do (doId, feedbackId, studentId, doStatus) VALUES ('578', '20', 'HE172748', '0');
INSERT INTO Do (doId, feedbackId, studentId, doStatus) VALUES ('579', '20', 'HE172838', '0');
INSERT INTO Do (doId, feedbackId, studentId, doStatus) VALUES ('580', '20', 'HE172848', '0');
INSERT INTO Do (doId, feedbackId, studentId, doStatus) VALUES ('581', '20', 'HE173248', '0');
INSERT INTO Do (doId, feedbackId, studentId, doStatus) VALUES ('582', '20', 'HE173588', '0');
INSERT INTO Do (doId, feedbackId, studentId, doStatus) VALUES ('583', '20', 'HE176077', '0');
INSERT INTO Do (doId, feedbackId, studentId, doStatus) VALUES ('584', '20', 'HE176087', '0');
INSERT INTO Do (doId, feedbackId, studentId, doStatus) VALUES ('585', '20', 'HE176169', '0');
INSERT INTO Do (doId, feedbackId, studentId, doStatus) VALUES ('586', '20', 'HE176420', '0');
INSERT INTO Do (doId, feedbackId, studentId, doStatus) VALUES ('587', '20', 'HE176882', '0');
INSERT INTO Do (doId, feedbackId, studentId, doStatus) VALUES ('588', '21', 'HE150732', '0');
INSERT INTO Do (doId, feedbackId, studentId, doStatus) VALUES ('589', '21', 'HE150998', '0');
INSERT INTO Do (doId, feedbackId, studentId, doStatus) VALUES ('590', '21', 'HE161224', '0');
INSERT INTO Do (doId, feedbackId, studentId, doStatus) VALUES ('591', '21', 'HE161597', '0');
INSERT INTO Do (doId, feedbackId, studentId, doStatus) VALUES ('592', '21', 'HE163629', '0');
INSERT INTO Do (doId, feedbackId, studentId, doStatus) VALUES ('593', '21', 'HE170089', '0');
INSERT INTO Do (doId, feedbackId, studentId, doStatus) VALUES ('594', '21', 'HE170685', '0');
INSERT INTO Do (doId, feedbackId, studentId, doStatus) VALUES ('595', '21', 'HE170793', '0');
INSERT INTO Do (doId, feedbackId, studentId, doStatus) VALUES ('596', '21', 'HE171358', '0');
INSERT INTO Do (doId, feedbackId, studentId, doStatus) VALUES ('597', '21', 'HE171394', '0');
INSERT INTO Do (doId, feedbackId, studentId, doStatus) VALUES ('598', '21', 'HE171421', '0');
INSERT INTO Do (doId, feedbackId, studentId, doStatus) VALUES ('599', '21', 'HE171552', '0');
INSERT INTO Do (doId, feedbackId, studentId, doStatus) VALUES ('600', '21', 'HE171908', '0');
INSERT INTO Do (doId, feedbackId, studentId, doStatus) VALUES ('601', '21', 'HE171915', '0');
INSERT INTO Do (doId, feedbackId, studentId, doStatus) VALUES ('602', '21', 'HE171916', '0');
INSERT INTO Do (doId, feedbackId, studentId, doStatus) VALUES ('603', '21', 'HE171990', '0');
INSERT INTO Do (doId, feedbackId, studentId, doStatus) VALUES ('604', '21', 'HE172180', '0');
INSERT INTO Do (doId, feedbackId, studentId, doStatus) VALUES ('605', '21', 'HE172280', '0');
INSERT INTO Do (doId, feedbackId, studentId, doStatus) VALUES ('606', '21', 'HE172313', '0');
INSERT INTO Do (doId, feedbackId, studentId, doStatus) VALUES ('607', '21', 'HE172435', '0');
INSERT INTO Do (doId, feedbackId, studentId, doStatus) VALUES ('608', '21', 'HE172527', '0');
INSERT INTO Do (doId, feedbackId, studentId, doStatus) VALUES ('609', '21', 'HE172538', '0');
INSERT INTO Do (doId, feedbackId, studentId, doStatus) VALUES ('610', '21', 'HE172702', '0');
INSERT INTO Do (doId, feedbackId, studentId, doStatus) VALUES ('611', '21', 'HE172737', '0');
INSERT INTO Do (doId, feedbackId, studentId, doStatus) VALUES ('612', '21', 'HE173401', '0');
INSERT INTO Do (doId, feedbackId, studentId, doStatus) VALUES ('613', '21', 'HE173457', '0');
INSERT INTO Do (doId, feedbackId, studentId, doStatus) VALUES ('614', '21', 'HE176211', '0');
INSERT INTO Do (doId, feedbackId, studentId, doStatus) VALUES ('615', '21', 'HE176279', '0');
INSERT INTO Do (doId, feedbackId, studentId, doStatus) VALUES ('616', '21', 'HE176633', '0');
INSERT INTO Do (doId, feedbackId, studentId, doStatus) VALUES ('617', '21', 'HE176747', '0');
INSERT INTO Do (doId, feedbackId, studentId, doStatus) VALUES ('618', '22', 'HE161302', '0');
INSERT INTO Do (doId, feedbackId, studentId, doStatus) VALUES ('619', '22', 'HE163675', '0');
INSERT INTO Do (doId, feedbackId, studentId, doStatus) VALUES ('620', '22', 'HE170059', '0');
INSERT INTO Do (doId, feedbackId, studentId, doStatus) VALUES ('621', '22', 'HE170141', '0');
INSERT INTO Do (doId, feedbackId, studentId, doStatus) VALUES ('622', '22', 'HE170176', '0');
INSERT INTO Do (doId, feedbackId, studentId, doStatus) VALUES ('623', '22', 'HE170262', '0');
INSERT INTO Do (doId, feedbackId, studentId, doStatus) VALUES ('624', '22', 'HE170318', '0');
INSERT INTO Do (doId, feedbackId, studentId, doStatus) VALUES ('625', '22', 'HE170416', '0');
INSERT INTO Do (doId, feedbackId, studentId, doStatus) VALUES ('626', '22', 'HE170481', '0');
INSERT INTO Do (doId, feedbackId, studentId, doStatus) VALUES ('627', '22', 'HE171285', '0');
INSERT INTO Do (doId, feedbackId, studentId, doStatus) VALUES ('628', '22', 'HE171377', '0');
INSERT INTO Do (doId, feedbackId, studentId, doStatus) VALUES ('629', '22', 'HE171511', '0');
INSERT INTO Do (doId, feedbackId, studentId, doStatus) VALUES ('630', '22', 'HE171558', '0');
INSERT INTO Do (doId, feedbackId, studentId, doStatus) VALUES ('631', '22', 'HE171827', '0');
INSERT INTO Do (doId, feedbackId, studentId, doStatus) VALUES ('632', '22', 'HE172058', '0');
INSERT INTO Do (doId, feedbackId, studentId, doStatus) VALUES ('633', '22', 'HE172063', '0');
INSERT INTO Do (doId, feedbackId, studentId, doStatus) VALUES ('634', '22', 'HE172083', '0');
INSERT INTO Do (doId, feedbackId, studentId, doStatus) VALUES ('635', '22', 'HE172084', '0');
INSERT INTO Do (doId, feedbackId, studentId, doStatus) VALUES ('636', '22', 'HE172163', '0');
INSERT INTO Do (doId, feedbackId, studentId, doStatus) VALUES ('637', '22', 'HE172262', '0');
INSERT INTO Do (doId, feedbackId, studentId, doStatus) VALUES ('638', '22', 'HE172386', '0');
INSERT INTO Do (doId, feedbackId, studentId, doStatus) VALUES ('639', '22', 'HE172398', '0');
INSERT INTO Do (doId, feedbackId, studentId, doStatus) VALUES ('640', '22', 'HE172460', '0');
INSERT INTO Do (doId, feedbackId, studentId, doStatus) VALUES ('641', '22', 'HE172467', '0');
INSERT INTO Do (doId, feedbackId, studentId, doStatus) VALUES ('642', '22', 'HE172568', '0');
INSERT INTO Do (doId, feedbackId, studentId, doStatus) VALUES ('643', '22', 'HE172610', '0');
INSERT INTO Do (doId, feedbackId, studentId, doStatus) VALUES ('644', '22', 'HE172717', '0');
INSERT INTO Do (doId, feedbackId, studentId, doStatus) VALUES ('645', '22', 'HE172787', '0');
INSERT INTO Do (doId, feedbackId, studentId, doStatus) VALUES ('646', '22', 'HE172851', '0');
INSERT INTO Do (doId, feedbackId, studentId, doStatus) VALUES ('647', '22', 'HS171380', '0');
INSERT INTO Do (doId, feedbackId, studentId, doStatus) VALUES ('648', '23', 'HE150271', '0');
INSERT INTO Do (doId, feedbackId, studentId, doStatus) VALUES ('649', '23', 'HE150862', '0');
INSERT INTO Do (doId, feedbackId, studentId, doStatus) VALUES ('650', '23', 'HE170646', '0');
INSERT INTO Do (doId, feedbackId, studentId, doStatus) VALUES ('651', '23', 'HE170662', '0');
INSERT INTO Do (doId, feedbackId, studentId, doStatus) VALUES ('652', '23', 'HE170738', '0');
INSERT INTO Do (doId, feedbackId, studentId, doStatus) VALUES ('653', '23', 'HE170800', '0');
INSERT INTO Do (doId, feedbackId, studentId, doStatus) VALUES ('654', '23', 'HE170827', '0');
INSERT INTO Do (doId, feedbackId, studentId, doStatus) VALUES ('655', '23', 'HE170995', '0');
INSERT INTO Do (doId, feedbackId, studentId, doStatus) VALUES ('656', '23', 'HE171110', '0');
INSERT INTO Do (doId, feedbackId, studentId, doStatus) VALUES ('657', '23', 'HE171364', '0');
INSERT INTO Do (doId, feedbackId, studentId, doStatus) VALUES ('658', '23', 'HE171534', '0');
INSERT INTO Do (doId, feedbackId, studentId, doStatus) VALUES ('659', '23', 'HE172014', '0');
INSERT INTO Do (doId, feedbackId, studentId, doStatus) VALUES ('660', '23', 'HE172264', '0');
INSERT INTO Do (doId, feedbackId, studentId, doStatus) VALUES ('661', '23', 'HE172372', '0');
INSERT INTO Do (doId, feedbackId, studentId, doStatus) VALUES ('662', '23', 'HE172701', '0');
INSERT INTO Do (doId, feedbackId, studentId, doStatus) VALUES ('663', '23', 'HE172717', '0');
INSERT INTO Do (doId, feedbackId, studentId, doStatus) VALUES ('664', '23', 'HE172726', '0');
INSERT INTO Do (doId, feedbackId, studentId, doStatus) VALUES ('665', '23', 'HE173209', '0');
INSERT INTO Do (doId, feedbackId, studentId, doStatus) VALUES ('666', '23', 'HE173235', '0');
INSERT INTO Do (doId, feedbackId, studentId, doStatus) VALUES ('667', '23', 'HE176292', '0');
INSERT INTO Do (doId, feedbackId, studentId, doStatus) VALUES ('668', '23', 'HE176767', '0');
INSERT INTO Do (doId, feedbackId, studentId, doStatus) VALUES ('669', '23', 'HE180542', '0');
INSERT INTO Do (doId, feedbackId, studentId, doStatus) VALUES ('670', '23', 'HE181024', '0');
INSERT INTO Do (doId, feedbackId, studentId, doStatus) VALUES ('671', '23', 'HE181266', '0');
INSERT INTO Do (doId, feedbackId, studentId, doStatus) VALUES ('672', '23', 'HE182276', '0');
INSERT INTO Do (doId, feedbackId, studentId, doStatus) VALUES ('673', '23', 'HE187276', '0');
INSERT INTO Do (doId, feedbackId, studentId, doStatus) VALUES ('674', '24', 'HE161469', '0');
INSERT INTO Do (doId, feedbackId, studentId, doStatus) VALUES ('675', '24', 'HE163233', '0');
INSERT INTO Do (doId, feedbackId, studentId, doStatus) VALUES ('676', '24', 'HE171163', '0');
INSERT INTO Do (doId, feedbackId, studentId, doStatus) VALUES ('677', '24', 'HE171403', '0');
INSERT INTO Do (doId, feedbackId, studentId, doStatus) VALUES ('678', '24', 'HE171408', '0');
INSERT INTO Do (doId, feedbackId, studentId, doStatus) VALUES ('679', '24', 'HE171590', '0');
INSERT INTO Do (doId, feedbackId, studentId, doStatus) VALUES ('680', '24', 'HE171985', '0');
INSERT INTO Do (doId, feedbackId, studentId, doStatus) VALUES ('681', '24', 'HE172734', '0');
INSERT INTO Do (doId, feedbackId, studentId, doStatus) VALUES ('682', '24', 'HE172742', '0');
INSERT INTO Do (doId, feedbackId, studentId, doStatus) VALUES ('683', '24', 'HE173033', '0');
INSERT INTO Do (doId, feedbackId, studentId, doStatus) VALUES ('684', '24', 'HE176187', '0');
INSERT INTO Do (doId, feedbackId, studentId, doStatus) VALUES ('685', '24', 'HE176230', '0');
INSERT INTO Do (doId, feedbackId, studentId, doStatus) VALUES ('686', '25', 'HE153487', '0');
INSERT INTO Do (doId, feedbackId, studentId, doStatus) VALUES ('687', '25', 'HE160021', '0');
INSERT INTO Do (doId, feedbackId, studentId, doStatus) VALUES ('688', '25', 'HE160120', '0');
INSERT INTO Do (doId, feedbackId, studentId, doStatus) VALUES ('689', '25', 'HE160277', '0');
INSERT INTO Do (doId, feedbackId, studentId, doStatus) VALUES ('690', '25', 'HE160533', '0');
INSERT INTO Do (doId, feedbackId, studentId, doStatus) VALUES ('691', '25', 'HE160623', '0');
INSERT INTO Do (doId, feedbackId, studentId, doStatus) VALUES ('692', '25', 'HE160639', '0');
INSERT INTO Do (doId, feedbackId, studentId, doStatus) VALUES ('693', '25', 'HE160854', '0');
INSERT INTO Do (doId, feedbackId, studentId, doStatus) VALUES ('694', '25', 'HE160866', '0');
INSERT INTO Do (doId, feedbackId, studentId, doStatus) VALUES ('695', '25', 'HE160929', '0');
INSERT INTO Do (doId, feedbackId, studentId, doStatus) VALUES ('696', '25', 'HE160982', '0');
INSERT INTO Do (doId, feedbackId, studentId, doStatus) VALUES ('697', '25', 'HE161234', '0');
INSERT INTO Do (doId, feedbackId, studentId, doStatus) VALUES ('698', '25', 'HE161475', '0');
INSERT INTO Do (doId, feedbackId, studentId, doStatus) VALUES ('699', '25', 'HE163040', '0');
INSERT INTO Do (doId, feedbackId, studentId, doStatus) VALUES ('700', '25', 'HE163063', '0');
INSERT INTO Do (doId, feedbackId, studentId, doStatus) VALUES ('701', '25', 'HE163083', '0');
INSERT INTO Do (doId, feedbackId, studentId, doStatus) VALUES ('702', '25', 'HE163158', '0');
INSERT INTO Do (doId, feedbackId, studentId, doStatus) VALUES ('703', '25', 'HE163166', '0');
INSERT INTO Do (doId, feedbackId, studentId, doStatus) VALUES ('704', '25', 'HE163193', '0');
INSERT INTO Do (doId, feedbackId, studentId, doStatus) VALUES ('705', '25', 'HE163249', '0');
INSERT INTO Do (doId, feedbackId, studentId, doStatus) VALUES ('706', '25', 'HE163283', '0');
INSERT INTO Do (doId, feedbackId, studentId, doStatus) VALUES ('707', '25', 'HE163359', '0');
INSERT INTO Do (doId, feedbackId, studentId, doStatus) VALUES ('708', '25', 'HE163397', '0');
INSERT INTO Do (doId, feedbackId, studentId, doStatus) VALUES ('709', '25', 'HE163500', '0');
INSERT INTO Do (doId, feedbackId, studentId, doStatus) VALUES ('710', '25', 'HE163639', '0');
INSERT INTO Do (doId, feedbackId, studentId, doStatus) VALUES ('711', '25', 'HE163653', '0');
INSERT INTO Do (doId, feedbackId, studentId, doStatus) VALUES ('712', '25', 'HE163774', '0');
INSERT INTO Do (doId, feedbackId, studentId, doStatus) VALUES ('713', '25', 'HE163906', '0');
INSERT INTO Do (doId, feedbackId, studentId, doStatus) VALUES ('714', '26', 'HE140339', '0');
INSERT INTO Do (doId, feedbackId, studentId, doStatus) VALUES ('715', '26', 'HE150282', '0');
INSERT INTO Do (doId, feedbackId, studentId, doStatus) VALUES ('716', '26', 'HE160625', '0');
INSERT INTO Do (doId, feedbackId, studentId, doStatus) VALUES ('717', '26', 'HE160682', '0');
INSERT INTO Do (doId, feedbackId, studentId, doStatus) VALUES ('718', '26', 'HE161469', '0');
INSERT INTO Do (doId, feedbackId, studentId, doStatus) VALUES ('719', '26', 'HE161861', '0');
INSERT INTO Do (doId, feedbackId, studentId, doStatus) VALUES ('720', '26', 'HE161875', '0');
INSERT INTO Do (doId, feedbackId, studentId, doStatus) VALUES ('721', '26', 'HE161882', '0');
INSERT INTO Do (doId, feedbackId, studentId, doStatus) VALUES ('722', '26', 'HE161918', '0');
INSERT INTO Do (doId, feedbackId, studentId, doStatus) VALUES ('723', '26', 'HE163001', '0');
INSERT INTO Do (doId, feedbackId, studentId, doStatus) VALUES ('724', '26', 'HE163146', '0');
INSERT INTO Do (doId, feedbackId, studentId, doStatus) VALUES ('725', '26', 'HE163154', '0');
INSERT INTO Do (doId, feedbackId, studentId, doStatus) VALUES ('726', '26', 'HE163233', '0');
INSERT INTO Do (doId, feedbackId, studentId, doStatus) VALUES ('727', '26', 'HE170051', '0');
INSERT INTO Do (doId, feedbackId, studentId, doStatus) VALUES ('728', '26', 'HE170245', '0');
INSERT INTO Do (doId, feedbackId, studentId, doStatus) VALUES ('729', '26', 'HE170422', '0');
INSERT INTO Do (doId, feedbackId, studentId, doStatus) VALUES ('730', '26', 'HE170428', '0');
INSERT INTO Do (doId, feedbackId, studentId, doStatus) VALUES ('731', '26', 'HE170444', '0');
INSERT INTO Do (doId, feedbackId, studentId, doStatus) VALUES ('732', '26', 'HE170842', '0');
INSERT INTO Do (doId, feedbackId, studentId, doStatus) VALUES ('733', '26', 'HE170863', '0');
INSERT INTO Do (doId, feedbackId, studentId, doStatus) VALUES ('734', '26', 'HE170907', '0');
INSERT INTO Do (doId, feedbackId, studentId, doStatus) VALUES ('735', '26', 'HE170996', '0');
INSERT INTO Do (doId, feedbackId, studentId, doStatus) VALUES ('736', '26', 'HE171071', '0');
INSERT INTO Do (doId, feedbackId, studentId, doStatus) VALUES ('737', '26', 'HE171073', '0');
INSERT INTO Do (doId, feedbackId, studentId, doStatus) VALUES ('738', '26', 'HE171162', '0');
INSERT INTO Do (doId, feedbackId, studentId, doStatus) VALUES ('739', '26', 'HE171163', '0');
INSERT INTO Do (doId, feedbackId, studentId, doStatus) VALUES ('740', '26', 'HE171403', '0');
INSERT INTO Do (doId, feedbackId, studentId, doStatus) VALUES ('741', '26', 'HE171408', '0');
INSERT INTO Do (doId, feedbackId, studentId, doStatus) VALUES ('742', '26', 'HE171442', '0');
INSERT INTO Do (doId, feedbackId, studentId, doStatus) VALUES ('743', '26', 'HE171482', '0');
INSERT INTO Do (doId, feedbackId, studentId, doStatus) VALUES ('744', '26', 'HE171590', '0');
INSERT INTO Do (doId, feedbackId, studentId, doStatus) VALUES ('745', '26', 'HE171687', '0');
INSERT INTO Do (doId, feedbackId, studentId, doStatus) VALUES ('746', '26', 'HE171851', '0');
INSERT INTO Do (doId, feedbackId, studentId, doStatus) VALUES ('747', '26', 'HE171985', '0');
INSERT INTO Do (doId, feedbackId, studentId, doStatus) VALUES ('748', '26', 'HE172734', '0');
INSERT INTO Do (doId, feedbackId, studentId, doStatus) VALUES ('749', '26', 'HE172742', '0');
INSERT INTO Do (doId, feedbackId, studentId, doStatus) VALUES ('750', '26', 'HE173033', '0');
INSERT INTO Do (doId, feedbackId, studentId, doStatus) VALUES ('751', '26', 'HE176160', '0');
INSERT INTO Do (doId, feedbackId, studentId, doStatus) VALUES ('752', '26', 'HE176182', '0');
INSERT INTO Do (doId, feedbackId, studentId, doStatus) VALUES ('753', '26', 'HE176187', '0');
INSERT INTO Do (doId, feedbackId, studentId, doStatus) VALUES ('754', '26', 'HE176230', '0');
INSERT INTO Do (doId, feedbackId, studentId, doStatus) VALUES ('755', '26', 'HE176586', '0');
INSERT INTO Do (doId, feedbackId, studentId, doStatus) VALUES ('756', '26', 'HE176697', '0');
INSERT INTO Do (doId, feedbackId, studentId, doStatus) VALUES ('757', '26', 'HE176751', '0');
INSERT INTO Do (doId, feedbackId, studentId, doStatus) VALUES ('758', '26', 'HS160715', '0');
INSERT INTO Do (doId, feedbackId, studentId, doStatus) VALUES ('759', '27', 'HE160071', '0');
INSERT INTO Do (doId, feedbackId, studentId, doStatus) VALUES ('760', '27', 'HE161357', '0');
INSERT INTO Do (doId, feedbackId, studentId, doStatus) VALUES ('761', '27', 'HE163146', '0');
INSERT INTO Do (doId, feedbackId, studentId, doStatus) VALUES ('762', '27', 'HE170051', '0');
INSERT INTO Do (doId, feedbackId, studentId, doStatus) VALUES ('763', '27', 'HE170245', '0');
INSERT INTO Do (doId, feedbackId, studentId, doStatus) VALUES ('764', '27', 'HE170422', '0');
INSERT INTO Do (doId, feedbackId, studentId, doStatus) VALUES ('765', '27', 'HE170428', '0');
INSERT INTO Do (doId, feedbackId, studentId, doStatus) VALUES ('766', '27', 'HE170444', '0');
INSERT INTO Do (doId, feedbackId, studentId, doStatus) VALUES ('767', '27', 'HE170533', '0');
INSERT INTO Do (doId, feedbackId, studentId, doStatus) VALUES ('768', '27', 'HE170842', '0');
INSERT INTO Do (doId, feedbackId, studentId, doStatus) VALUES ('769', '27', 'HE170863', '0');
INSERT INTO Do (doId, feedbackId, studentId, doStatus) VALUES ('770', '27', 'HE170907', '0');
INSERT INTO Do (doId, feedbackId, studentId, doStatus) VALUES ('771', '27', 'HE170996', '0');
INSERT INTO Do (doId, feedbackId, studentId, doStatus) VALUES ('772', '27', 'HE171071', '0');
INSERT INTO Do (doId, feedbackId, studentId, doStatus) VALUES ('773', '27', 'HE171073', '0');
INSERT INTO Do (doId, feedbackId, studentId, doStatus) VALUES ('774', '27', 'HE171162', '0');
INSERT INTO Do (doId, feedbackId, studentId, doStatus) VALUES ('775', '27', 'HE171442', '0');
INSERT INTO Do (doId, feedbackId, studentId, doStatus) VALUES ('776', '27', 'HE171482', '0');
INSERT INTO Do (doId, feedbackId, studentId, doStatus) VALUES ('777', '27', 'HE171578', '0');
INSERT INTO Do (doId, feedbackId, studentId, doStatus) VALUES ('778', '27', 'HE171687', '0');
INSERT INTO Do (doId, feedbackId, studentId, doStatus) VALUES ('779', '27', 'HE171851', '0');
INSERT INTO Do (doId, feedbackId, studentId, doStatus) VALUES ('780', '27', 'HE176182', '0');
INSERT INTO Do (doId, feedbackId, studentId, doStatus) VALUES ('781', '27', 'HE176697', '0');
INSERT INTO Do (doId, feedbackId, studentId, doStatus) VALUES ('782', '27', 'HE176751', '0');
INSERT INTO Do (doId, feedbackId, studentId, doStatus) VALUES ('783', '28', 'HE140639', '0');
INSERT INTO Do (doId, feedbackId, studentId, doStatus) VALUES ('784', '28', 'HE140842', '0');
INSERT INTO Do (doId, feedbackId, studentId, doStatus) VALUES ('785', '28', 'HE153206', '0');
INSERT INTO Do (doId, feedbackId, studentId, doStatus) VALUES ('786', '28', 'HE161139', '0');
INSERT INTO Do (doId, feedbackId, studentId, doStatus) VALUES ('787', '28', 'HE161357', '0');
INSERT INTO Do (doId, feedbackId, studentId, doStatus) VALUES ('788', '28', 'HE161481', '0');
INSERT INTO Do (doId, feedbackId, studentId, doStatus) VALUES ('789', '28', 'HE161512', '0');
INSERT INTO Do (doId, feedbackId, studentId, doStatus) VALUES ('790', '28', 'HE161733', '0');
INSERT INTO Do (doId, feedbackId, studentId, doStatus) VALUES ('791', '28', 'HE161869', '0');
INSERT INTO Do (doId, feedbackId, studentId, doStatus) VALUES ('792', '28', 'HE163146', '0');
INSERT INTO Do (doId, feedbackId, studentId, doStatus) VALUES ('793', '28', 'HE170051', '0');
INSERT INTO Do (doId, feedbackId, studentId, doStatus) VALUES ('794', '28', 'HE170245', '0');
INSERT INTO Do (doId, feedbackId, studentId, doStatus) VALUES ('795', '28', 'HE170422', '0');
INSERT INTO Do (doId, feedbackId, studentId, doStatus) VALUES ('796', '28', 'HE170428', '0');
INSERT INTO Do (doId, feedbackId, studentId, doStatus) VALUES ('797', '28', 'HE170444', '0');
INSERT INTO Do (doId, feedbackId, studentId, doStatus) VALUES ('798', '28', 'HE170842', '0');
INSERT INTO Do (doId, feedbackId, studentId, doStatus) VALUES ('799', '28', 'HE170863', '0');
INSERT INTO Do (doId, feedbackId, studentId, doStatus) VALUES ('800', '28', 'HE170907', '0');
INSERT INTO Do (doId, feedbackId, studentId, doStatus) VALUES ('801', '28', 'HE170996', '0');
INSERT INTO Do (doId, feedbackId, studentId, doStatus) VALUES ('802', '28', 'HE171071', '0');
INSERT INTO Do (doId, feedbackId, studentId, doStatus) VALUES ('803', '28', 'HE171073', '0');
INSERT INTO Do (doId, feedbackId, studentId, doStatus) VALUES ('804', '28', 'HE171162', '0');
INSERT INTO Do (doId, feedbackId, studentId, doStatus) VALUES ('805', '28', 'HE171442', '0');
INSERT INTO Do (doId, feedbackId, studentId, doStatus) VALUES ('806', '28', 'HE171482', '0');
INSERT INTO Do (doId, feedbackId, studentId, doStatus) VALUES ('807', '28', 'HE171687', '0');
INSERT INTO Do (doId, feedbackId, studentId, doStatus) VALUES ('808', '28', 'HE171851', '0');
INSERT INTO Do (doId, feedbackId, studentId, doStatus) VALUES ('809', '28', 'HE171865', '0');
INSERT INTO Do (doId, feedbackId, studentId, doStatus) VALUES ('810', '28', 'HE176182', '0');
INSERT INTO Do (doId, feedbackId, studentId, doStatus) VALUES ('811', '28', 'HE176697', '0');
INSERT INTO Do (doId, feedbackId, studentId, doStatus) VALUES ('812', '28', 'HE176751', '0');
INSERT INTO Do (doId, feedbackId, studentId, doStatus) VALUES ('813', '29', 'HE153263', '0');
INSERT INTO Do (doId, feedbackId, studentId, doStatus) VALUES ('814', '29', 'HE153535', '0');
INSERT INTO Do (doId, feedbackId, studentId, doStatus) VALUES ('815', '29', 'HE160914', '0');
INSERT INTO Do (doId, feedbackId, studentId, doStatus) VALUES ('816', '29', 'HE161145', '0');
INSERT INTO Do (doId, feedbackId, studentId, doStatus) VALUES ('817', '29', 'HE161357', '0');
INSERT INTO Do (doId, feedbackId, studentId, doStatus) VALUES ('818', '29', 'HE161544', '0');
INSERT INTO Do (doId, feedbackId, studentId, doStatus) VALUES ('819', '29', 'HE161706', '0');
INSERT INTO Do (doId, feedbackId, studentId, doStatus) VALUES ('820', '29', 'HE161800', '0');
INSERT INTO Do (doId, feedbackId, studentId, doStatus) VALUES ('821', '29', 'HE161832', '0');
INSERT INTO Do (doId, feedbackId, studentId, doStatus) VALUES ('822', '29', 'HE163146', '0');
INSERT INTO Do (doId, feedbackId, studentId, doStatus) VALUES ('823', '29', 'HE170051', '0');
INSERT INTO Do (doId, feedbackId, studentId, doStatus) VALUES ('824', '29', 'HE170245', '0');
INSERT INTO Do (doId, feedbackId, studentId, doStatus) VALUES ('825', '29', 'HE170422', '0');
INSERT INTO Do (doId, feedbackId, studentId, doStatus) VALUES ('826', '29', 'HE170428', '0');
INSERT INTO Do (doId, feedbackId, studentId, doStatus) VALUES ('827', '29', 'HE170444', '0');
INSERT INTO Do (doId, feedbackId, studentId, doStatus) VALUES ('828', '29', 'HE170842', '0');
INSERT INTO Do (doId, feedbackId, studentId, doStatus) VALUES ('829', '29', 'HE170863', '0');
INSERT INTO Do (doId, feedbackId, studentId, doStatus) VALUES ('830', '29', 'HE170907', '0');
INSERT INTO Do (doId, feedbackId, studentId, doStatus) VALUES ('831', '29', 'HE170996', '0');
INSERT INTO Do (doId, feedbackId, studentId, doStatus) VALUES ('832', '29', 'HE171071', '0');
INSERT INTO Do (doId, feedbackId, studentId, doStatus) VALUES ('833', '29', 'HE171073', '0');
INSERT INTO Do (doId, feedbackId, studentId, doStatus) VALUES ('834', '29', 'HE171162', '0');
INSERT INTO Do (doId, feedbackId, studentId, doStatus) VALUES ('835', '29', 'HE171442', '0');
INSERT INTO Do (doId, feedbackId, studentId, doStatus) VALUES ('836', '29', 'HE171482', '0');
INSERT INTO Do (doId, feedbackId, studentId, doStatus) VALUES ('837', '29', 'HE171687', '0');
INSERT INTO Do (doId, feedbackId, studentId, doStatus) VALUES ('838', '29', 'HE171851', '0');
INSERT INTO Do (doId, feedbackId, studentId, doStatus) VALUES ('839', '29', 'HE171865', '0');
INSERT INTO Do (doId, feedbackId, studentId, doStatus) VALUES ('840', '29', 'HE176182', '0');
INSERT INTO Do (doId, feedbackId, studentId, doStatus) VALUES ('841', '29', 'HE176697', '0');
INSERT INTO Do (doId, feedbackId, studentId, doStatus) VALUES ('842', '29', 'HE176751', '0');
INSERT INTO Do (doId, feedbackId, studentId, doStatus) VALUES ('843', '30', 'HE150057', '0');
INSERT INTO Do (doId, feedbackId, studentId, doStatus) VALUES ('844', '30', 'HE151095', '0');
INSERT INTO Do (doId, feedbackId, studentId, doStatus) VALUES ('845', '30', 'HE153206', '0');
INSERT INTO Do (doId, feedbackId, studentId, doStatus) VALUES ('846', '30', 'HE160694', '0');
INSERT INTO Do (doId, feedbackId, studentId, doStatus) VALUES ('847', '30', 'HE161357', '0');
INSERT INTO Do (doId, feedbackId, studentId, doStatus) VALUES ('848', '30', 'HE161795', '0');
INSERT INTO Do (doId, feedbackId, studentId, doStatus) VALUES ('849', '30', 'HE163146', '0');
INSERT INTO Do (doId, feedbackId, studentId, doStatus) VALUES ('850', '30', 'HE164035', '0');
INSERT INTO Do (doId, feedbackId, studentId, doStatus) VALUES ('851', '30', 'HE170051', '0');
INSERT INTO Do (doId, feedbackId, studentId, doStatus) VALUES ('852', '30', 'HE170245', '0');
INSERT INTO Do (doId, feedbackId, studentId, doStatus) VALUES ('853', '30', 'HE170422', '0');
INSERT INTO Do (doId, feedbackId, studentId, doStatus) VALUES ('854', '30', 'HE170428', '0');
INSERT INTO Do (doId, feedbackId, studentId, doStatus) VALUES ('855', '30', 'HE170444', '0');
INSERT INTO Do (doId, feedbackId, studentId, doStatus) VALUES ('856', '30', 'HE170533', '0');
INSERT INTO Do (doId, feedbackId, studentId, doStatus) VALUES ('857', '30', 'HE170842', '0');
INSERT INTO Do (doId, feedbackId, studentId, doStatus) VALUES ('858', '30', 'HE170863', '0');
INSERT INTO Do (doId, feedbackId, studentId, doStatus) VALUES ('859', '30', 'HE170907', '0');
INSERT INTO Do (doId, feedbackId, studentId, doStatus) VALUES ('860', '30', 'HE170996', '0');
INSERT INTO Do (doId, feedbackId, studentId, doStatus) VALUES ('861', '30', 'HE171071', '0');
INSERT INTO Do (doId, feedbackId, studentId, doStatus) VALUES ('862', '30', 'HE171073', '0');
INSERT INTO Do (doId, feedbackId, studentId, doStatus) VALUES ('863', '30', 'HE171162', '0');
INSERT INTO Do (doId, feedbackId, studentId, doStatus) VALUES ('864', '30', 'HE171442', '0');
INSERT INTO Do (doId, feedbackId, studentId, doStatus) VALUES ('865', '30', 'HE171482', '0');
INSERT INTO Do (doId, feedbackId, studentId, doStatus) VALUES ('866', '30', 'HE171578', '0');
INSERT INTO Do (doId, feedbackId, studentId, doStatus) VALUES ('867', '30', 'HE171687', '0');
INSERT INTO Do (doId, feedbackId, studentId, doStatus) VALUES ('868', '30', 'HE171851', '0');
INSERT INTO Do (doId, feedbackId, studentId, doStatus) VALUES ('869', '30', 'HE171865', '0');
INSERT INTO Do (doId, feedbackId, studentId, doStatus) VALUES ('870', '30', 'HE176182', '0');
INSERT INTO Do (doId, feedbackId, studentId, doStatus) VALUES ('871', '30', 'HE176697', '0');
INSERT INTO Do (doId, feedbackId, studentId, doStatus) VALUES ('872', '30', 'HE176751', '0');
INSERT INTO Do (doId, feedbackId, studentId, doStatus) VALUES ('873', '30', 'SE03520', '0');
INSERT INTO Do (doId, feedbackId, studentId, doStatus) VALUES ('874', '30', 'SE04495', '0');
SET IDENTITY_INSERT Do OFF;

DROP PROCEDURE IF EXISTS InsertResponseData;

GO 
CREATE PROCEDURE InsertResponseData
AS
BEGIN
    DECLARE @doId INT = 1
    DECLARE @fbQuestionId INT = 1
    DECLARE @selectedOptionId INT = 1
    
    WHILE @doId <= 437
    BEGIN
        WHILE @fbQuestionId <= 5
        BEGIN
            DECLARE @selectedOptionStartId INT = (@fbQuestionId - 1) * 4 + 1
            DECLARE @selectedOptionEndId INT = @fbQuestionId * 4
            
            SET @selectedOptionId = @selectedOptionStartId
            
            WHILE @selectedOptionId <= @selectedOptionEndId
            BEGIN
                INSERT INTO Response (doId, fbQuestionId, selectedOptionId)
                VALUES (@doId, @fbQuestionId, @selectedOptionId)
                
                SET @selectedOptionId = @selectedOptionId + 1
            END
            
            SET @fbQuestionId = @fbQuestionId + 1
        END
        
        SET @doId = @doId + 1
        SET @fbQuestionId = 1
    END
END
GO

EXEC InsertResponseData
